-- MySQL dump 10.13  Distrib 8.0.40, for Win64 (x86_64)
--
-- Host: 127.0.0.1    Database: cost_central_monitor
-- ------------------------------------------------------
-- Server version	8.0.40

/*!40101 SET @OLD_CHARACTER_SET_CLIENT=@@CHARACTER_SET_CLIENT */;
/*!40101 SET @OLD_CHARACTER_SET_RESULTS=@@CHARACTER_SET_RESULTS */;
/*!40101 SET @OLD_COLLATION_CONNECTION=@@COLLATION_CONNECTION */;
/*!50503 SET NAMES utf8 */;
/*!40103 SET @OLD_TIME_ZONE=@@TIME_ZONE */;
/*!40103 SET TIME_ZONE='+00:00' */;
/*!40014 SET @OLD_UNIQUE_CHECKS=@@UNIQUE_CHECKS, UNIQUE_CHECKS=0 */;
/*!40014 SET @OLD_FOREIGN_KEY_CHECKS=@@FOREIGN_KEY_CHECKS, FOREIGN_KEY_CHECKS=0 */;
/*!40101 SET @OLD_SQL_MODE=@@SQL_MODE, SQL_MODE='NO_AUTO_VALUE_ON_ZERO' */;
/*!40111 SET @OLD_SQL_NOTES=@@SQL_NOTES, SQL_NOTES=0 */;

--
-- Table structure for table `tbl_cost_alerts`
--

DROP TABLE IF EXISTS `tbl_cost_alerts`;
/*!40101 SET @saved_cs_client     = @@character_set_client */;
/*!50503 SET character_set_client = utf8mb4 */;
CREATE TABLE `tbl_cost_alerts` (
  `alert_id` int NOT NULL AUTO_INCREMENT,
  `fk_project_id` int DEFAULT NULL,
  `fk_resource_id` int DEFAULT NULL,
  `alert_type` enum('Budget Exceed','Unusual Spending','Subscription Expiry','Resource Underutilization') NOT NULL,
  `threshold_amount` decimal(15,2) DEFAULT NULL,
  `current_amount` decimal(15,2) DEFAULT NULL,
  `alert_date` datetime NOT NULL,
  `status` enum('Active','Resolved','Ignored') DEFAULT 'Active',
  `notification_sent` tinyint(1) DEFAULT '0',
  PRIMARY KEY (`alert_id`),
  KEY `idx_alert_project` (`fk_project_id`),
  KEY `idx_alert_resource` (`fk_resource_id`),
  KEY `idx_alert_type` (`alert_type`,`status`),
  CONSTRAINT `tbl_cost_alerts_ibfk_1` FOREIGN KEY (`fk_project_id`) REFERENCES `tbl_projects` (`project_id`) ON DELETE CASCADE,
  CONSTRAINT `tbl_cost_alerts_ibfk_2` FOREIGN KEY (`fk_resource_id`) REFERENCES `tbl_resources` (`resource_id`) ON DELETE CASCADE,
  CONSTRAINT `chk_current_amount` CHECK ((`current_amount` >= 0)),
  CONSTRAINT `chk_threshold_amount` CHECK ((`threshold_amount` > 0))
) ENGINE=InnoDB AUTO_INCREMENT=101 DEFAULT CHARSET=utf8mb4 COLLATE=utf8mb4_0900_ai_ci;
/*!40101 SET character_set_client = @saved_cs_client */;

--
-- Dumping data for table `tbl_cost_alerts`
--

LOCK TABLES `tbl_cost_alerts` WRITE;
/*!40000 ALTER TABLE `tbl_cost_alerts` DISABLE KEYS */;
INSERT INTO `tbl_cost_alerts` VALUES (1,54,26,'Budget Exceed',19884.68,25634.29,'2024-10-20 23:48:38','Ignored',0),(2,28,4,'Subscription Expiry',29349.83,3394.34,'2024-05-08 01:29:02','Active',0),(3,4,31,'Subscription Expiry',1784.71,43010.12,'2024-02-24 07:58:02','Active',1),(4,93,75,'Budget Exceed',41058.53,27984.38,'2024-05-24 20:25:18','Active',0),(5,5,74,'Unusual Spending',26092.04,6802.87,'2024-04-25 19:34:32','Resolved',0),(6,33,53,'Budget Exceed',28641.66,33827.17,'2024-07-30 17:34:47','Active',1),(7,4,94,'Budget Exceed',45890.37,19385.52,'2024-09-29 07:32:44','Resolved',0),(8,95,3,'Resource Underutilization',33296.19,22716.88,'2024-07-01 21:23:40','Ignored',1),(9,87,9,'Subscription Expiry',20000.48,46811.44,'2024-11-20 12:26:36','Active',0),(10,10,88,'Resource Underutilization',36353.32,16264.44,'2024-04-05 10:31:35','Ignored',0),(11,73,10,'Unusual Spending',8028.46,8198.12,'2023-12-19 01:58:43','Resolved',0),(12,4,97,'Resource Underutilization',43054.35,27468.09,'2024-04-09 23:11:39','Active',0),(13,39,2,'Unusual Spending',8804.50,23690.80,'2024-04-26 15:12:28','Resolved',0),(14,16,45,'Budget Exceed',31481.27,34440.14,'2024-12-06 06:33:30','Resolved',1),(15,89,73,'Resource Underutilization',49972.80,15498.22,'2024-03-21 11:49:05','Resolved',1),(16,16,55,'Budget Exceed',24122.91,5864.79,'2024-10-25 20:24:22','Active',1),(17,93,88,'Budget Exceed',23769.94,8897.94,'2024-11-12 23:50:55','Ignored',1),(18,26,8,'Subscription Expiry',29320.63,30355.41,'2024-02-03 08:35:58','Active',0),(19,47,43,'Subscription Expiry',18601.96,11443.89,'2024-04-19 08:53:09','Ignored',0),(20,20,88,'Unusual Spending',1985.18,48291.72,'2024-04-06 02:59:26','Resolved',1),(21,26,32,'Budget Exceed',10321.14,16993.37,'2024-04-08 02:59:02','Resolved',0),(22,85,91,'Subscription Expiry',17114.15,8253.03,'2024-04-28 17:14:07','Active',0),(23,78,11,'Subscription Expiry',43583.89,46206.34,'2024-07-27 23:22:17','Ignored',1),(24,88,28,'Resource Underutilization',14861.92,32502.00,'2024-01-11 17:43:02','Active',0),(25,29,2,'Unusual Spending',32888.19,25452.30,'2024-06-02 03:20:11','Resolved',1),(26,69,30,'Resource Underutilization',24674.22,48449.84,'2024-04-30 10:50:34','Resolved',0),(27,85,24,'Unusual Spending',5457.48,45732.24,'2024-10-14 09:37:35','Active',1),(28,99,68,'Subscription Expiry',44005.14,46148.09,'2024-03-03 10:30:48','Ignored',0),(29,18,56,'Budget Exceed',47813.60,34338.16,'2024-11-18 13:26:49','Resolved',0),(30,97,51,'Unusual Spending',30016.68,6530.45,'2024-10-09 12:12:23','Resolved',1),(31,41,49,'Unusual Spending',22870.05,4077.04,'2024-04-22 22:59:52','Resolved',1),(32,39,55,'Unusual Spending',17349.65,27539.83,'2024-10-10 05:48:29','Active',1),(33,13,67,'Unusual Spending',42306.48,30212.09,'2024-03-22 06:53:48','Resolved',0),(34,48,96,'Resource Underutilization',11736.52,46935.18,'2024-03-18 00:34:10','Active',1),(35,30,81,'Budget Exceed',28976.85,35658.84,'2024-07-13 00:45:17','Resolved',1),(36,68,61,'Unusual Spending',2777.86,23947.34,'2024-03-23 01:50:57','Active',1),(37,45,16,'Budget Exceed',48350.36,38121.83,'2024-12-17 17:35:50','Resolved',0),(38,95,34,'Budget Exceed',8921.85,30601.09,'2024-06-19 16:19:11','Resolved',1),(39,32,3,'Budget Exceed',9977.36,24351.72,'2024-01-14 01:54:33','Resolved',1),(40,68,91,'Subscription Expiry',25275.18,31354.13,'2024-02-10 00:23:56','Resolved',0),(41,35,13,'Subscription Expiry',29931.09,20708.02,'2024-02-08 02:48:55','Active',1),(42,19,8,'Unusual Spending',47057.67,18122.34,'2024-05-17 09:17:14','Resolved',0),(43,52,38,'Subscription Expiry',37958.29,18139.74,'2024-07-07 05:24:59','Resolved',1),(44,98,11,'Budget Exceed',17781.84,42873.56,'2024-08-01 09:08:03','Active',0),(45,66,24,'Subscription Expiry',11769.49,24594.74,'2024-08-21 12:45:55','Ignored',0),(46,50,13,'Subscription Expiry',35709.77,13280.38,'2024-08-22 15:23:59','Ignored',1),(47,82,5,'Unusual Spending',4988.23,34608.62,'2023-12-29 23:37:36','Resolved',1),(48,75,60,'Unusual Spending',8893.01,29151.07,'2024-01-03 05:42:39','Active',1),(49,74,94,'Unusual Spending',15175.93,25547.94,'2024-10-28 23:50:46','Active',0),(50,59,61,'Resource Underutilization',34908.12,32420.55,'2024-06-25 13:11:21','Ignored',1),(51,17,8,'Budget Exceed',19402.56,38801.64,'2024-04-17 23:25:50','Resolved',0),(52,12,40,'Unusual Spending',2020.94,47353.69,'2024-11-23 07:13:41','Active',1),(53,59,6,'Subscription Expiry',40232.34,47385.82,'2024-03-18 08:21:02','Resolved',1),(54,50,86,'Resource Underutilization',6474.43,45802.25,'2024-03-29 06:25:07','Resolved',1),(55,74,71,'Resource Underutilization',23798.36,29036.78,'2024-09-07 16:41:55','Resolved',1),(56,77,52,'Subscription Expiry',8318.49,6313.71,'2024-02-29 20:59:04','Resolved',1),(57,2,7,'Budget Exceed',9679.73,8117.86,'2024-10-04 23:11:35','Ignored',0),(58,53,76,'Subscription Expiry',7343.86,23893.79,'2024-10-11 00:30:31','Resolved',1),(59,45,6,'Subscription Expiry',35022.66,41918.51,'2024-09-17 02:29:44','Active',0),(60,55,81,'Subscription Expiry',10851.21,46358.53,'2024-08-26 16:55:58','Resolved',1),(61,30,80,'Budget Exceed',49102.18,34677.91,'2024-08-20 04:45:24','Ignored',0),(62,49,80,'Unusual Spending',8547.69,39056.01,'2024-09-30 08:00:40','Ignored',0),(63,15,37,'Unusual Spending',4698.14,49400.06,'2023-12-27 14:43:44','Ignored',1),(64,9,1,'Unusual Spending',29187.45,42187.95,'2024-08-09 17:35:42','Ignored',0),(65,12,52,'Resource Underutilization',9943.75,17690.05,'2024-03-16 00:43:39','Active',1),(66,62,12,'Budget Exceed',41736.38,47826.40,'2024-02-23 04:05:09','Ignored',0),(67,68,55,'Subscription Expiry',6134.12,14230.14,'2024-04-30 09:05:05','Active',1),(68,43,22,'Resource Underutilization',30951.62,7131.88,'2024-07-17 15:35:50','Ignored',1),(69,7,2,'Budget Exceed',27687.77,40907.96,'2024-07-09 05:08:48','Resolved',0),(70,86,36,'Unusual Spending',35360.74,13965.02,'2024-10-06 12:31:49','Active',0),(71,79,60,'Budget Exceed',46110.39,23808.24,'2024-07-25 07:56:27','Ignored',0),(72,77,86,'Subscription Expiry',32197.04,15828.77,'2024-09-22 21:19:06','Active',0),(73,8,23,'Resource Underutilization',23863.20,18952.92,'2024-07-27 15:01:33','Ignored',1),(74,9,29,'Budget Exceed',28796.45,48208.54,'2024-08-20 23:41:47','Resolved',1),(75,11,84,'Subscription Expiry',48326.78,14083.35,'2024-01-11 06:43:10','Active',1),(76,71,82,'Budget Exceed',4242.48,19031.12,'2024-08-15 08:41:42','Active',0),(77,86,78,'Unusual Spending',4968.09,42724.43,'2024-02-24 23:08:31','Active',1),(78,45,38,'Resource Underutilization',18388.92,28410.42,'2024-03-27 11:22:05','Resolved',0),(79,59,19,'Subscription Expiry',40712.88,22106.19,'2024-10-22 05:28:05','Ignored',1),(80,43,12,'Subscription Expiry',46500.80,42505.65,'2024-09-23 01:56:57','Ignored',0),(81,10,11,'Unusual Spending',33453.24,17789.66,'2024-06-08 07:45:18','Ignored',0),(82,35,54,'Budget Exceed',32733.44,42514.07,'2024-04-15 06:15:16','Active',0),(83,34,35,'Subscription Expiry',42423.14,11294.76,'2024-09-19 22:34:49','Active',1),(84,59,48,'Resource Underutilization',33150.86,5554.52,'2024-03-15 17:34:40','Ignored',0),(85,25,81,'Resource Underutilization',35120.50,49575.72,'2024-11-02 08:07:52','Active',0),(86,88,76,'Subscription Expiry',48073.09,42017.11,'2024-06-16 22:29:40','Ignored',1),(87,49,75,'Budget Exceed',11959.66,8159.99,'2024-11-12 16:46:20','Active',0),(88,43,29,'Subscription Expiry',22687.19,11075.95,'2024-03-25 08:31:10','Ignored',0),(89,18,12,'Budget Exceed',45478.53,39328.40,'2024-12-15 21:49:41','Ignored',1),(90,21,63,'Subscription Expiry',47554.58,3732.88,'2024-11-13 12:05:54','Resolved',0),(91,94,57,'Unusual Spending',49250.98,25786.12,'2024-03-23 03:42:17','Resolved',0),(92,97,53,'Subscription Expiry',33729.70,26625.04,'2024-05-24 16:41:12','Active',0),(93,87,91,'Subscription Expiry',43828.48,14265.35,'2024-07-12 18:14:54','Ignored',1),(94,68,90,'Resource Underutilization',34832.15,41440.13,'2024-10-13 21:52:40','Ignored',0),(95,23,66,'Budget Exceed',10648.32,27069.69,'2024-07-16 08:09:05','Active',1),(96,82,40,'Resource Underutilization',34209.35,28774.19,'2024-07-21 17:27:23','Active',1),(97,10,93,'Subscription Expiry',33485.02,3100.80,'2023-12-29 23:57:15','Active',1),(98,30,15,'Budget Exceed',40778.65,5403.57,'2024-11-09 09:52:16','Active',1),(99,98,70,'Budget Exceed',7199.36,32676.22,'2024-10-02 21:32:26','Resolved',1),(100,79,34,'Unusual Spending',9969.53,33002.86,'2024-09-18 06:48:23','Resolved',0);
/*!40000 ALTER TABLE `tbl_cost_alerts` ENABLE KEYS */;
UNLOCK TABLES;

--
-- Table structure for table `tbl_costs`
--

DROP TABLE IF EXISTS `tbl_costs`;
/*!40101 SET @saved_cs_client     = @@character_set_client */;
/*!50503 SET character_set_client = utf8mb4 */;
CREATE TABLE `tbl_costs` (
  `cost_id` int NOT NULL AUTO_INCREMENT,
  `fk_project_id` int NOT NULL,
  `fk_resource_id` int NOT NULL,
  `cost_amount` decimal(15,2) NOT NULL,
  `cost_date` date NOT NULL,
  `cost_type` enum('Operational','Subscription','Licensing','Infrastructure','Maintenance') NOT NULL,
  `billing_cycle` enum('Monthly','Quarterly','Annually') NOT NULL,
  `payment_method` enum('Credit Card','Bank Transfer','Invoice','Direct Debit') NOT NULL,
  `invoice_number` varchar(50) DEFAULT NULL,
  `notes` text,
  PRIMARY KEY (`cost_id`),
  UNIQUE KEY `invoice_number` (`invoice_number`),
  KEY `idx_cost_project` (`fk_project_id`),
  KEY `idx_cost_resource` (`fk_resource_id`),
  KEY `idx_cost_date` (`cost_date`),
  KEY `idx_cost_type` (`cost_type`),
  CONSTRAINT `tbl_costs_ibfk_1` FOREIGN KEY (`fk_project_id`) REFERENCES `tbl_projects` (`project_id`) ON DELETE CASCADE,
  CONSTRAINT `tbl_costs_ibfk_2` FOREIGN KEY (`fk_resource_id`) REFERENCES `tbl_resources` (`resource_id`) ON DELETE RESTRICT,
  CONSTRAINT `chk_cost_amount` CHECK ((`cost_amount` > 0))
) ENGINE=InnoDB AUTO_INCREMENT=101 DEFAULT CHARSET=utf8mb4 COLLATE=utf8mb4_0900_ai_ci;
/*!40101 SET character_set_client = @saved_cs_client */;

--
-- Dumping data for table `tbl_costs`
--

LOCK TABLES `tbl_costs` WRITE;
/*!40000 ALTER TABLE `tbl_costs` DISABLE KEYS */;
INSERT INTO `tbl_costs` VALUES (1,96,41,7260.79,'2024-01-11','Infrastructure','Annually','Bank Transfer','INV-870909','Control person company alone too benefit cover.'),(2,92,43,9573.04,'2024-11-02','Subscription','Quarterly','Bank Transfer','INV-712721','She plan law offer wear expect. Push bed office put. Unit to everybody executive into.'),(3,20,19,6231.97,'2023-12-16','Operational','Monthly','Bank Transfer','INV-202281','College present must nature board test audience.'),(4,54,69,3845.63,'2023-04-25','Subscription','Monthly','Direct Debit','INV-471444','Yet change financial while.\nNeed begin hold money likely.'),(5,82,36,252.12,'2023-01-03','Operational','Annually','Direct Debit','INV-498781','Against go lot billion station bring. Small spend able ready off keep. Glass enter say other.'),(6,89,2,9086.97,'2024-11-08','Licensing','Annually','Bank Transfer','INV-155803','Position follow degree computer common town perform. City dream similar over.'),(7,18,17,7027.67,'2024-11-07','Subscription','Quarterly','Direct Debit','INV-357174','Debate ok year agent support tax. Want ready day use research note manager sport.'),(8,78,48,1288.48,'2024-04-15','Licensing','Annually','Bank Transfer','INV-702919','Successful kitchen the away defense nearly. Hard effort might born debate argue. Artist not live.'),(9,99,54,6602.46,'2023-02-25','Infrastructure','Quarterly','Direct Debit','INV-48959','Majority choice until difference develop and.\nChallenge most who executive kind mission.'),(10,90,85,9678.32,'2024-08-16','Licensing','Annually','Invoice','INV-236838','Source realize become perhaps increase return open main. Rock small suddenly clearly win project.'),(11,62,84,643.35,'2024-09-30','Maintenance','Annually','Direct Debit','INV-425227','Gun while look paper protect bag. Sometimes statement growth film help husband my. Tv during ahead.'),(12,61,81,5019.39,'2023-07-17','Subscription','Annually','Direct Debit','INV-537482','Sign manage fly professional want usually. Other great along scientist real.'),(13,49,91,1477.82,'2024-09-08','Licensing','Annually','Direct Debit','INV-857511','Sea cell season half woman almost. Material return radio deep herself. Stand appear example range.'),(14,21,3,7954.74,'2023-09-12','Operational','Annually','Invoice','INV-774878','Experience specific defense from vote.'),(15,51,87,6800.93,'2023-10-06','Operational','Monthly','Invoice','INV-836457','Use popular there fine thus. Finish attack sing section. Really sense law south level.'),(16,31,62,5263.00,'2024-09-04','Subscription','Annually','Bank Transfer','INV-201219','Shoulder resource voice hundred section research bar child. Society size right seat effect born.'),(17,77,6,3716.18,'2023-09-11','Infrastructure','Quarterly','Invoice','INV-965213','Situation whom home really say know. Type positive industry there stay benefit.'),(18,54,43,9019.96,'2024-12-02','Licensing','Quarterly','Direct Debit','INV-697716','Point deep itself season commercial the throughout. There three travel career could stuff.'),(19,54,74,1308.12,'2023-02-24','Infrastructure','Annually','Invoice','INV-991653','Economic positive benefit cold include. Indicate lose area rest often.'),(20,20,77,8047.47,'2023-04-28','Licensing','Annually','Credit Card','INV-336321','Bank other style boy war parent. Live bag wide win sport half read.'),(21,43,32,3996.11,'2023-07-28','Maintenance','Annually','Bank Transfer','INV-435896','See site usually power war. Number hotel since piece in military.'),(22,32,96,1623.66,'2023-10-08','Subscription','Monthly','Direct Debit','INV-761728','Style budget that play sometimes. Admit pick sea.'),(23,15,21,4386.88,'2024-07-14','Infrastructure','Annually','Bank Transfer','INV-993452','Sport door as listen charge stuff seven. Test in growth security.'),(24,65,61,7665.13,'2024-03-08','Licensing','Quarterly','Bank Transfer','INV-273238','Brother stage enjoy talk.'),(25,11,58,6935.90,'2023-05-24','Maintenance','Annually','Invoice','INV-385865','Growth role involve art operation approach main anyone. Mention group program yourself.'),(26,76,98,658.50,'2023-07-21','Infrastructure','Annually','Direct Debit','INV-416442','Again manager doctor new decade coach. Interest window law quality ahead chance change first.'),(27,59,63,6031.86,'2023-07-15','Infrastructure','Monthly','Direct Debit','INV-768550','Capital drive according. Short security director attention budget.'),(28,63,31,4015.50,'2023-07-13','Licensing','Annually','Direct Debit','INV-605160','Social young receive result. Simply camera since why usually side.'),(29,55,94,980.97,'2024-06-19','Maintenance','Annually','Invoice','INV-641781','Future lay power continue book air. People act focus between between.'),(30,60,64,2999.70,'2024-11-19','Operational','Quarterly','Bank Transfer','INV-716156','Discuss yet several play song traditional. Performance item as cost course name support.'),(31,74,11,8156.30,'2023-03-14','Subscription','Quarterly','Invoice','INV-883801','Onto understand community degree senior. Together cover toward call discuss they decade.'),(32,52,36,1484.33,'2024-04-23','Infrastructure','Quarterly','Direct Debit','INV-834992','Religious well current official show. Area yard small.'),(33,15,11,5242.75,'2023-09-19','Subscription','Annually','Direct Debit','INV-106161','Worker help street medical also among. Yard product trouble unit.'),(34,71,92,2354.64,'2024-11-28','Maintenance','Annually','Invoice','INV-790643','Wife modern partner people serve act wife. Anything increase wear way camera true.'),(35,63,82,1605.78,'2024-09-08','Subscription','Annually','Direct Debit','INV-35565','Bank although manage trade. Set think us second forward forget. Everyone team blood.'),(36,73,20,3650.47,'2024-07-01','Operational','Annually','Bank Transfer','INV-615929','Red people common. Customer family tend. Magazine citizen matter certainly.'),(37,26,74,3375.38,'2024-10-28','Operational','Annually','Invoice','INV-177855','Season take probably seven important. Similar push bad answer. Camera respond that with.'),(38,95,11,586.84,'2023-01-27','Operational','Quarterly','Bank Transfer','INV-581357','Free despite hit be. Nature though claim recognize.'),(39,95,13,3282.38,'2024-09-01','Subscription','Annually','Invoice','INV-727268','Player imagine play first understand. Company administration campaign tonight under play school.'),(40,45,98,1821.31,'2023-06-19','Operational','Quarterly','Direct Debit','INV-94331','Anyone threat tend who. Different red behind race although his.'),(41,40,100,4920.78,'2023-11-30','Subscription','Annually','Credit Card','INV-783743','Conference necessary candidate bank. Truth marriage again week wrong color so.'),(42,71,86,5801.13,'2023-07-20','Infrastructure','Quarterly','Credit Card','INV-632662','Tree suggest base accept act.'),(43,65,6,3558.73,'2024-12-05','Infrastructure','Annually','Direct Debit','INV-258846','Trade else general organization top wrong. Bring keep exactly support control.'),(44,25,69,616.37,'2023-08-07','Operational','Quarterly','Invoice','INV-157280','Baby word scene might film. Establish share the teacher strong young education any.'),(45,52,12,9381.78,'2024-05-01','Infrastructure','Monthly','Direct Debit','INV-456608','Account trouble success figure again north.'),(46,87,5,3846.42,'2023-07-16','Operational','Monthly','Bank Transfer','INV-412452','Nation strong five ever. Town conference day phone.'),(47,40,73,749.79,'2023-06-16','Infrastructure','Monthly','Invoice','INV-259690','Article yeah into movie up politics. So keep need baby him store around billion.'),(48,6,44,6279.17,'2024-01-24','Subscription','Monthly','Invoice','INV-274864','Nation somebody decision activity idea. Care white modern nor.'),(49,20,5,7959.21,'2023-10-30','Maintenance','Quarterly','Credit Card','INV-708633','Very risk low fear poor.\nGood technology sit.'),(50,24,38,2388.41,'2023-05-22','Operational','Annually','Invoice','INV-450037','Past office common bag anyone believe big again. Keep sit family our our happen.'),(51,82,97,4569.97,'2024-10-11','Subscription','Quarterly','Direct Debit','INV-467533','Like spring thousand win kid environmental. Former follow nor someone as figure. Crime find black.'),(52,77,29,8256.70,'2023-05-22','Infrastructure','Quarterly','Direct Debit','INV-924363','Strategy truth physical let also book. Involve sound between write wind available.'),(53,45,15,1261.53,'2024-10-01','Subscription','Annually','Invoice','INV-337191','Smile level thousand stage result traditional near. Structure family she. Out cold five end foot.'),(54,8,90,6112.43,'2023-08-14','Subscription','Quarterly','Bank Transfer','INV-165413','Nearly west reality kitchen sort could hit also.'),(55,92,85,7360.20,'2023-11-07','Subscription','Monthly','Direct Debit','INV-219623','Step positive crime team. Country condition happen lose try bring appear.'),(56,37,95,8409.77,'2024-10-26','Subscription','Quarterly','Credit Card','INV-69421','Car step arm. Happen create medical more type better alone receive.\nCall now person certainly.'),(57,66,51,5564.67,'2024-07-19','Maintenance','Monthly','Bank Transfer','INV-353492','Hour production activity. Fact policy game not. Stage eight wear then increase form my.'),(58,66,69,6300.35,'2024-07-28','Maintenance','Monthly','Bank Transfer','INV-640473','Management hot answer phone every leader sense. Indicate everyone month alone.'),(59,19,22,6502.69,'2024-02-16','Licensing','Quarterly','Invoice','INV-200468','Shake decade move allow. Unit in western bring economic.'),(60,17,13,9592.26,'2024-03-04','Licensing','Annually','Bank Transfer','INV-986800','Wall live hope shake.'),(61,67,13,2949.16,'2023-11-24','Maintenance','Monthly','Bank Transfer','INV-203042','Continue prove middle song wear more somebody. Money top question out.'),(62,59,41,4778.85,'2023-06-29','Operational','Annually','Credit Card','INV-568112','May may speak where form. Stuff avoid friend lose. Green all table ago religious argue.'),(63,85,66,5897.65,'2023-10-09','Maintenance','Monthly','Bank Transfer','INV-719432','Thank item mind remain cost when. Easy performance middle always perform marriage stage reality.'),(64,72,30,8670.59,'2023-04-19','Licensing','Quarterly','Bank Transfer','INV-853136','Likely notice system or range debate. Character yourself discover we.'),(65,78,16,3139.79,'2023-02-28','Licensing','Monthly','Invoice','INV-181644','Theory suddenly Democrat threat house Mrs compare.'),(66,83,13,8769.95,'2023-02-24','Subscription','Annually','Credit Card','INV-46647','Professional glass nation right room. Care happen suddenly spring.\nSix what evening investment.'),(67,66,88,6253.48,'2023-06-15','Infrastructure','Quarterly','Direct Debit','INV-788345','Avoid challenge best wish positive public. Hour detail senior investment to try.'),(68,88,32,152.89,'2023-03-22','Maintenance','Monthly','Credit Card','INV-123041','Many direction deep wonder yet. Onto add happy cover. Environmental lay man finally.'),(69,73,55,6667.00,'2024-02-18','Subscription','Monthly','Bank Transfer','INV-494789','Point mother money group be. Note age himself group process hundred.'),(70,36,88,1850.73,'2023-11-03','Operational','Quarterly','Invoice','INV-273470','Nation during control eight. Chance anyone choice happen project center party.'),(71,29,36,8765.25,'2024-01-31','Operational','Quarterly','Credit Card','INV-515541','Blue become accept front side camera. Candidate hope response military voice girl decision early.'),(72,31,59,3926.78,'2023-03-26','Licensing','Annually','Bank Transfer','INV-761678','Major guess sister benefit. Would because hit myself evening. Able one live want smile.'),(73,28,14,206.33,'2024-09-12','Maintenance','Quarterly','Invoice','INV-355254','Specific nothing she very.'),(74,32,94,4413.04,'2023-05-14','Infrastructure','Quarterly','Direct Debit','INV-713493','People member task view prevent society admit. Film foot third resource Republican building.'),(75,94,21,1788.48,'2024-07-19','Operational','Monthly','Direct Debit','INV-280274','Sense should hit tend sense. Heavy all speech. But sell drive measure.'),(76,44,10,1638.24,'2023-02-13','Operational','Annually','Direct Debit','INV-668558','Attack technology doctor conference ten manage race. Also message drug popular.'),(77,6,73,3790.81,'2024-02-17','Operational','Monthly','Bank Transfer','INV-42241','Two ago human middle summer. Happy skill onto wind interesting expert north.'),(78,18,61,2825.14,'2024-01-12','Operational','Monthly','Credit Card','INV-757911','South sure any Mr. Sign day force situation someone prepare speech.'),(79,59,31,3257.44,'2024-08-20','Maintenance','Annually','Bank Transfer','INV-157014','Allow meeting without past.'),(80,43,56,4273.02,'2024-06-24','Licensing','Quarterly','Invoice','INV-761038','Experience laugh Mr later candidate. Movement hope bill knowledge risk mouth recent.'),(81,23,45,4538.85,'2024-03-18','Infrastructure','Quarterly','Credit Card','INV-236653','Especially information run where baby. Happen along common lot.'),(82,59,15,2326.21,'2024-08-12','Subscription','Monthly','Credit Card','INV-407443','Identify car cold trial vote. Machine we ever. Movement land gun civil cause throughout doctor.'),(83,31,37,2435.47,'2024-04-22','Subscription','Quarterly','Credit Card','INV-141593','My early on PM. Early several wrong list. Conference out teach because discuss it child may.'),(84,7,54,6638.90,'2023-09-06','Licensing','Monthly','Invoice','INV-528350','Either rather speech community mission writer. Music card research cover air attack military.'),(85,72,17,5785.49,'2024-09-12','Infrastructure','Quarterly','Invoice','INV-806316','Step buy hit young with sport. Be nation positive major tend.'),(86,73,60,3033.90,'2023-12-02','Operational','Annually','Invoice','INV-505486','Position anything boy science recent attorney line. Peace water animal admit treat evidence.'),(87,28,62,5534.11,'2024-04-10','Licensing','Annually','Direct Debit','INV-257623','Science senior from.\nArm argue carry administration wind.'),(88,65,46,3819.66,'2022-12-20','Maintenance','Monthly','Bank Transfer','INV-439202','Whole cell statement beyond grow. Available fact cut consider degree in. Five fire beyond deal.'),(89,33,99,1185.27,'2024-04-05','Maintenance','Quarterly','Direct Debit','INV-772772','Nor run continue level stay happen everybody. Possible eight understand next four.'),(90,50,67,9143.81,'2024-03-11','Infrastructure','Annually','Bank Transfer','INV-956161','Few dinner position former leg scientist. Often see huge century read necessary society.'),(91,99,26,5551.09,'2023-04-04','Operational','Quarterly','Direct Debit','INV-129763','Lay common recently including.'),(92,85,96,1539.79,'2024-06-18','Infrastructure','Annually','Credit Card','INV-265860','Might begin indicate since. Machine former break.'),(93,22,79,1352.25,'2024-06-07','Infrastructure','Quarterly','Invoice','INV-795492','Cause others center billion oil care. Low since skin value.'),(94,36,33,5896.47,'2023-01-25','Subscription','Monthly','Bank Transfer','INV-172384','Name worker produce page yes kitchen join. Color long know measure simple list.'),(95,55,95,6954.62,'2023-02-22','Operational','Monthly','Credit Card','INV-523918','Each forward create challenge across man star. Building kitchen staff what employee although seven.'),(96,84,71,3941.45,'2024-07-16','Subscription','Annually','Invoice','INV-542808','Many Republican story use fire. Sister find guy fire two either teach between.'),(97,66,70,2265.67,'2024-01-08','Licensing','Annually','Invoice','INV-416080','Floor water tonight when. On with talk series. Write center Republican pick ball until those best.'),(98,38,71,8129.62,'2024-07-13','Subscription','Monthly','Bank Transfer','INV-82514','Standard improve knowledge feel. Important writer idea.'),(99,99,24,3401.94,'2024-11-08','Operational','Monthly','Bank Transfer','INV-997837','Mr stock choose game. Impact nearly area east. Force investment phone law learn win or.'),(100,17,3,6133.93,'2024-06-12','Operational','Annually','Bank Transfer','INV-474804','East live position anyone.');
/*!40000 ALTER TABLE `tbl_costs` ENABLE KEYS */;
UNLOCK TABLES;

--
-- Table structure for table `tbl_projects`
--

DROP TABLE IF EXISTS `tbl_projects`;
/*!40101 SET @saved_cs_client     = @@character_set_client */;
/*!50503 SET character_set_client = utf8mb4 */;
CREATE TABLE `tbl_projects` (
  `project_id` int NOT NULL AUTO_INCREMENT,
  `project_name` varchar(100) NOT NULL,
  `description` text,
  `start_date` date NOT NULL,
  `end_date` date DEFAULT NULL,
  `project_manager` varchar(100) NOT NULL,
  `department` varchar(100) NOT NULL,
  `priority` enum('Low','Medium','High','Critical') DEFAULT 'Medium',
  `status` enum('Planning','In Progress','On Hold','Completed','Cancelled') DEFAULT 'Planning',
  `budget_allocated` decimal(15,2) NOT NULL DEFAULT '0.00',
  `client_name` varchar(100) DEFAULT NULL,
  PRIMARY KEY (`project_id`),
  KEY `idx_project_priority` (`priority`,`status`),
  KEY `idx_project_department` (`department`),
  KEY `idx_project_manager` (`project_manager`),
  CONSTRAINT `chk_budget` CHECK ((`budget_allocated` >= 0)),
  CONSTRAINT `chk_end_date` CHECK (((`end_date` is null) or (`end_date` >= `start_date`)))
) ENGINE=InnoDB AUTO_INCREMENT=101 DEFAULT CHARSET=utf8mb4 COLLATE=utf8mb4_0900_ai_ci;
/*!40101 SET character_set_client = @saved_cs_client */;

--
-- Dumping data for table `tbl_projects`
--

LOCK TABLES `tbl_projects` WRITE;
/*!40000 ALTER TABLE `tbl_projects` DISABLE KEYS */;
INSERT INTO `tbl_projects` VALUES (1,'Profound regional neural-net','Involve drive expert feeling move step.','2024-05-26','2025-02-17','Bethany Walker','grow cutting-edge eyeballs','High','On Hold',595176.59,'Mcclure Group'),(2,'Self-enabling homogeneous toolset','Good yeah chance suggest accept arrive accept. Easy middle season picture. Per everything anything past doctor.','2023-04-07','2025-06-19','Rachel Payne','syndicate global functionalities','Critical','Cancelled',78497.52,'Jackson, Gonzalez and Hill'),(3,'Re-contextualized upward-trending access','Major this nearly news. Husband piece mind debate benefit challenge career.','2023-04-30','2025-06-08','Scott Tucker','seize cross-media partnerships','Critical','Planning',725608.98,'Williams Group'),(4,'Pre-emptive value-added capability','Teacher measure herself although crime cause. On week time executive.','2023-06-08','2023-12-09','Jeffrey Simpson','extend front-end functionalities','Low','Completed',306149.92,'Brooks PLC'),(5,'Managed radical hub','Individual either against those field new. Doctor create guy series.','2023-10-09','2025-11-26','David Molina','e-enable clicks-and-mortar mindshare','Low','On Hold',137760.77,'Jones-Saunders'),(6,'Front-line value-added complexity','Pay good study past beat audience wife set. Speak through find couple face close.','2023-05-22','2025-08-18','Connor Michael','revolutionize open-source action-items','High','On Hold',256804.03,'Allen, Spencer and Campbell'),(7,'Multi-tiered hybrid adapter','No hundred American listen main chair improve operation. Entire act two would training political.','2023-05-28','2025-06-24','Robert Christian','mesh enterprise markets','Critical','Planning',438079.89,'Juarez Ltd'),(8,'Function-based mobile architecture','Their describe catch professional. Clear seek wind imagine suggest table tough.','2024-10-24','2025-02-28','Cynthia Myers','envisioneer real-time ROI','Medium','Cancelled',584141.62,'Bright, Estrada and Murray'),(9,'Programmable non-volatile leverage','If social avoid mention method manager after. Alone glass partner sea clear our. Impact approach more piece class.','2023-01-25','2024-09-02','Barbara Anderson','utilize 24/7 infrastructures','Medium','Planning',678967.29,'Hunter-Curtis'),(10,'Profound context-sensitive framework','Group cup can be forget. Still break change. Important focus build account.','2024-10-20','2025-11-04','Julia Erickson','empower ubiquitous users','Medium','On Hold',276836.35,'Nichols-Williams'),(11,'Expanded maximized capability','Star billion seek number door thing. Scene partner necessary human town family. Institution find through present determine parent. Identify successful involve cover save power then.','2024-06-09','2025-02-04','Charles Richards','syndicate real-time applications','High','In Progress',853436.89,'Garza, Freeman and Hunt'),(12,'Cross-platform secondary approach','Lay central hot key. According bad part wonder current.','2024-12-17','2025-12-08','Benjamin Morris','deliver mission-critical web services','Medium','On Hold',16687.37,'Bell Inc'),(13,'Stand-alone transitional Internet solution','Identify role couple western material draw. Soon I drive. Occur four decision point.','2024-05-19','2025-12-06','Kim Duke','syndicate strategic eyeballs','Low','In Progress',708877.09,'Little Inc'),(14,'Reactive next generation paradigm','Through fine and sure. Player condition should take. Foreign between decision exactly record.','2023-11-19','2024-11-02','Jose Cooper','grow collaborative experiences','Low','In Progress',458129.34,'Mcdonald, Mckinney and Lloyd'),(15,'Progressive 5thgeneration website','Beautiful guy want use phone. General other head share list yourself perhaps.','2023-09-07','2025-07-09','Kenneth Marks','empower open-source content','Low','Planning',350442.52,'Lee-Irwin'),(16,'Centralized even-keeled Internet solution','Foot free operation dinner measure occur. Produce road agent which.','2023-08-05','2024-09-27','Jennifer Foster','implement value-added e-markets','High','Planning',668492.81,'Kim, Delgado and Gonzales'),(17,'Expanded real-time firmware','Let military may around. Southern student writer member see all time.','2024-02-07','2024-02-21','Frank Perez','deliver rich platforms','Critical','In Progress',336387.00,'Faulkner-Gill'),(18,'Quality-focused zero-defect methodology','Wonder item blue trade stage stay. Skin herself too nor. Practice eye since first.','2023-09-27','2025-12-03','Diana Dudley','engage collaborative users','Low','In Progress',523862.14,'Garcia, Adams and Ramsey'),(19,'Sharable multi-state Local Area Network','Democratic agree oil stage poor. Sit ability matter already they decade situation. Film enough page know toward.','2023-06-20','2024-06-07','Sara Schroeder','monetize B2C convergence','Low','Planning',752998.43,'Crosby Ltd'),(20,'Team-oriented leadingedge array','Determine himself office option national. Project suffer voice still room.','2024-05-14','2025-01-12','Edward Lawson','enable transparent e-tailers','Critical','In Progress',354391.79,'Schneider-Adams'),(21,'Advanced coherent approach','Dream industry several senior majority high site. Pay leg actually wait both memory.','2024-01-22','2025-05-20','Laura Rangel','drive end-to-end users','High','Cancelled',919788.20,'Ford, Johnson and Benitez'),(22,'Expanded responsive frame','Sometimes better message late use college marriage. Tax hour group.','2023-10-12','2023-10-12','Brandon Fisher','streamline wireless eyeballs','High','Cancelled',656425.45,'Goodwin-Goodwin'),(23,'Switchable web-enabled customer loyalty','But tree science good serious remain to. Half note audience section story. Next hour security single while at.','2024-01-18','2024-11-08','Matthew Sims','aggregate one-to-one methodologies','High','In Progress',122739.33,'Hill-Schwartz'),(24,'Inverse executive monitoring','Analysis contain member method. Tv necessary art entire still side month.','2023-09-11','2024-03-07','Stephen Rogers','envisioneer magnetic e-business','Low','On Hold',809871.89,'Vaughn-Obrien'),(25,'Implemented client-driven alliance','Security clearly something past participant we house television. Letter tend present book.','2022-12-26','2025-06-07','Michael Jones','incentivize innovative platforms','High','In Progress',480927.21,'Russell LLC'),(26,'Digitized cohesive policy','Information risk run follow across almost just. Blue executive in former. On enjoy class style answer common.','2023-04-16','2024-01-14','Stacey Aguirre','redefine turn-key e-commerce','High','Planning',276567.81,'Monroe-Leon'),(27,'Phased global architecture','Care collection better hope major appear any. Computer wrong foot media ground buy.','2023-11-18','2025-05-07','John Reyes','incubate leading-edge vortals','Critical','On Hold',796937.84,'Page Inc'),(28,'Diverse 5thgeneration info-mediaries','Somebody position already measure million surface. Inside challenge then message community court face though.','2023-01-25','2023-03-01','Jeanne Torres','integrate revolutionary networks','High','In Progress',149629.35,'Smith, Murphy and Payne'),(29,'Customizable optimizing algorithm','Us college son. Mean response single heart join wife. Might provide government sense assume campaign bag.','2024-05-23','2025-06-10','Amy Coleman','transition viral convergence','Critical','On Hold',5713.40,'Rodriguez, Ochoa and Hanson'),(30,'Programmable bottom-line help-desk','Industry camera usually PM value. East alone watch every. Officer man sister once power.','2023-07-09','2025-08-02','Jennifer Garcia','expedite customized portals','Low','Cancelled',740157.53,'Kelly-Holt'),(31,'Triple-buffered analyzing software','Someone rather couple statement they.','2023-10-16','2025-01-08','Kathryn Carroll','incubate cross-platform web services','Critical','In Progress',219129.72,'Morales Inc'),(32,'Progressive directional methodology','Across today benefit. Southern protect behavior find position. Sure rather produce themselves discover federal.','2024-10-07','2025-08-30','Tommy Zhang','benchmark B2B e-tailers','Medium','Cancelled',291879.73,'Ward-Ross'),(33,'Focused leadingedge toolset','Event available pass difference blood hard involve. Court better series travel trial side. Send everybody total partner.','2024-01-16','2025-05-05','Harold Logan','maximize strategic web services','Critical','In Progress',688833.17,'Boone, Cox and Walls'),(34,'Multi-tiered dedicated strategy','Knowledge writer right avoid.','2023-11-28','2025-06-04','Matthew Smith','mesh bricks-and-clicks e-commerce','High','On Hold',120643.04,'Tucker PLC'),(35,'Ergonomic optimal collaboration','Image or force term. Herself should red me others laugh. Question total lawyer season different.','2024-03-18','2024-10-23','Heather Evans','leverage collaborative infrastructures','High','In Progress',756640.99,'Torres-Maxwell'),(36,'Future-proofed actuating architecture','Opportunity him character story. Report many tend laugh test face. North consumer finally.','2024-07-11','2025-09-08','Joseph Grant','streamline out-of-the-box platforms','High','Planning',942331.20,'Webb-Lang'),(37,'Adaptive 6thgeneration alliance','Me able old avoid again research better.','2023-12-27','2024-06-28','Jonathan Sanchez','benchmark best-of-breed metrics','Low','On Hold',343092.80,'Rodgers-Hoover'),(38,'Organized regional firmware','Discuss with attack coach where security simple. Country else sit himself she.','2022-12-25','2023-06-17','Christopher Myers','expedite sticky e-services','Critical','Completed',444529.70,'Knight Group'),(39,'Customer-focused user-facing projection','Whether compare available break wonder town song camera. Significant over during research instead specific.','2024-05-11','2025-05-06','Mary Moreno','envisioneer open-source interfaces','Low','Planning',474313.54,'Wilson-Gray'),(40,'De-engineered user-facing firmware','Follow career history central care south where. Generation put western doctor around.','2024-03-08','2024-11-24','Nicholas Salinas','monetize e-business deliverables','Medium','Planning',506748.38,'Moore Inc'),(41,'Object-based cohesive capacity','About dark often stuff consumer teach building. Rest sort hour human quite meet. Republican box form help.','2024-09-02','2025-07-24','Timothy Young','grow distributed eyeballs','Medium','In Progress',394548.61,'Choi and Sons'),(42,'Decentralized composite migration','Decide myself but way notice employee. Rule life nearly unit kind.','2024-05-02','2024-09-08','Debbie Wright','mesh dynamic synergies','High','Completed',363144.51,'Miller PLC'),(43,'Versatile actuating access','Boy new land analysis effect assume range. Article use hotel expert.','2023-12-26','2025-12-14','Kristen King','exploit user-centric platforms','Low','Cancelled',707191.44,'Harris-Flores'),(44,'Organized homogeneous attitude','Into see central eat every imagine part. West might way animal down attention final.','2023-09-25','2025-03-20','Alyssa Carter','innovate visionary methodologies','Medium','Planning',940788.96,'Allen, Mullins and Soto'),(45,'Stand-alone foreground support','Inside compare teacher protect carry name. Other game also call feeling. System realize picture turn year I.','2023-02-19','2024-02-13','Brett Deleon','redefine enterprise applications','Low','Cancelled',528957.77,'Brown-Avila'),(46,'Progressive object-oriented concept','Science kid reveal. Personal person seem gun amount base add.','2023-03-04','2024-07-17','Joseph Quinn','synergize dot-com niches','Low','On Hold',55849.42,'Jones Group'),(47,'Cross-group intangible moderator','Claim answer issue manager road bed. Point along environmental ok compare serious throw. Tough understand money try begin suggest.','2023-02-12','2025-06-08','Brad Guzman','empower cutting-edge partnerships','Critical','Planning',940595.65,'Hernandez Group'),(48,'Assimilated 3rdgeneration frame','Less floor toward effect deal. Leg require couple add whatever responsibility drop.','2024-11-23','2025-10-15','Christopher Sharp','seize user-centric deliverables','Critical','Planning',78245.16,'Phillips-Smith'),(49,'Triple-buffered interactive implementation','People situation not to worker particular magazine. Live maintain star happy doctor finish war.','2023-09-03','2024-03-23','Jonathon Bradshaw','optimize end-to-end web-readiness','Low','Completed',949421.58,'Fleming Inc'),(50,'Advanced 24/7 success','Rest choice similar write early report feel. Other build return table than our affect.','2024-04-02','2025-02-18','Teresa Finley','architect transparent mindshare','Critical','On Hold',85134.80,'Madden and Sons'),(51,'Focused static projection','Artist during claim line boy bar onto. Lose consider foot seat else no. Edge order bar.','2024-02-08','2024-08-19','Ashley Soto','streamline strategic channels','Low','On Hold',726519.86,'Aguirre, Hess and Mayer'),(52,'Sharable multimedia service-desk','Old air history financial risk. Early its set clear. Music news for service accept phone.','2023-09-23','2024-10-01','Robert Green','seize seamless content','High','Cancelled',202781.73,'Moody Ltd'),(53,'Virtual directional array','Safe church line fire party.','2023-09-08','2025-09-28','William Petersen','disintermediate killer platforms','High','Completed',40972.27,'Thomas-Alvarez'),(54,'Proactive stable info-mediaries','Here remember fly level chair organization eye. Anyone growth exist letter school end road activity. No couple although attention.','2024-02-06','2025-06-30','John Porter','synthesize bleeding-edge initiatives','Critical','On Hold',261434.18,'Henry LLC'),(55,'Business-focused systematic application','Ability court green building doctor never.','2023-12-28','2024-01-10','Jacob Shelton','monetize visionary communities','High','Completed',353777.80,'Morgan, Smith and Erickson'),(56,'Open-architected client-server Graphical User Interface','Several just response administration that significant draw son.','2023-08-10','2025-05-24','Maria Neal','facilitate robust models','Critical','On Hold',230840.07,'May and Sons'),(57,'Business-focused 4thgeneration alliance','Fire sister matter less senior argue send. Democratic wrong still cup for edge interesting. Bad treat find although.','2024-09-02','2025-11-30','Donna Dillon','strategize next-generation niches','Low','Planning',451160.46,'Harris, Berry and Henderson'),(58,'Integrated client-server application','Television entire home level measure. Generation if hold allow author catch according.','2024-12-07','2025-09-22','Julie Edwards','maximize compelling niches','Medium','Cancelled',536695.64,'Jones, King and Kelly'),(59,'Realigned composite product','Way word science could guy military. Race usually number food.','2024-05-26','2025-09-13','Regina Anderson','embrace back-end mindshare','Medium','In Progress',862781.21,'Sanchez Ltd'),(60,'Streamlined scalable forecast','Doctor forward yourself grow suddenly I. Oil building expert prevent same yeah. Guy value day show mouth.','2023-12-02','2025-09-18','Lisa Taylor','revolutionize back-end e-commerce','High','In Progress',991321.56,'Bullock-Cannon'),(61,'Expanded modular firmware','Lay again investment each bad what. Either sure throw decision line risk carry. Several mean usually because identify song drop. Nor ball international rest compare.','2024-09-30','2025-02-19','Miranda Alexander','monetize extensible metrics','High','Completed',171232.62,'Dorsey-Rodriguez'),(62,'Total didactic flexibility','Might measure rich religious impact per professional. Charge career so generation treatment. Process next Congress determine treat against company.','2023-06-16','2025-07-11','Carl Hubbard','re-contextualize extensible synergies','Critical','Completed',631631.44,'Fuentes and Sons'),(63,'Progressive uniform migration','Answer chance office consumer brother in personal.','2024-04-06','2024-07-12','Victoria Gonzalez','engineer vertical bandwidth','Medium','Cancelled',728163.33,'Lane, Brown and Stewart'),(64,'Function-based intangible solution','Interest guy part. Join along strong technology operation almost skill.','2024-12-07','2025-11-01','Timothy Frazier','generate mission-critical experiences','Low','Planning',308782.60,'Mccann, Mitchell and Moore'),(65,'De-engineered contextually-based success','Although ball travel sea him concern without. Instead manager less.','2023-04-05','2023-05-31','James Smith','leverage granular eyeballs','Medium','Planning',48794.70,'Garza-Vasquez'),(66,'Streamlined intermediate database','Dark next issue media today man. Able early easy several design the. View explain story that language program.','2023-07-22','2024-01-20','Patricia Smith','grow 24/365 mindshare','Medium','Cancelled',225899.71,'Swanson Group'),(67,'Persistent optimizing process improvement','Buy offer minute almost others bill. Well world Republican can guess interest. Pull economic wear coach do provide join.','2023-11-12','2025-03-12','Thomas Huber','optimize leading-edge methodologies','High','Planning',716643.37,'Melendez Ltd'),(68,'Devolved bi-directional database','People modern crime into sell. Point myself eight war teacher store.','2023-02-11','2024-11-15','Stephanie Gilbert','mesh out-of-the-box portals','Low','On Hold',471132.74,'Villegas, Thompson and Huang'),(69,'Front-line mission-critical matrices','Subject key industry stage. Economic six board. Ahead six add laugh a by individual.','2024-11-25','2025-01-16','Kevin Arnold','productize strategic methodologies','Low','Completed',195673.23,'Brown, Myers and Williams'),(70,'Versatile discrete groupware','Wonder increase painting man nothing participant. Including however much hospital easy.','2024-06-08','2024-11-29','Ashley Duran','scale collaborative platforms','Medium','Planning',320390.65,'Russell, Bennett and Moore'),(71,'Object-based mission-critical ability','Within shake lose most off produce season I. Produce reveal person research ball you research. Imagine arm smile technology.','2024-05-15','2025-06-20','Alexandra Gregory','transform intuitive communities','High','Planning',585531.09,'Soto-Blair'),(72,'Cross-platform empowering access','President unit visit camera deep politics. Pick true collection last guess their.','2023-01-21','2023-03-26','Mark Price','target enterprise mindshare','Critical','Planning',87839.26,'Lopez Ltd'),(73,'Integrated responsive budgetary management','Recent kid section tree full. Develop consider kitchen sign. Consider perhaps summer future recent professional.','2023-03-06','2025-04-01','Roberto Odonnell','disintermediate world-class systems','Medium','On Hold',550712.41,'Torres LLC'),(74,'Business-focused stable initiative','Serious sure foreign city good road despite. Do support report computer natural win personal. Decade born know health line.','2023-04-18','2025-07-31','Nicholas Jimenez','envisioneer dynamic communities','Low','On Hold',824249.27,'Levine-Sharp'),(75,'Adaptive mission-critical benchmark','House first church will generation. Court open yet city administration avoid. Second act rate piece rich.','2023-09-18','2024-02-14','Angela Martinez','deploy strategic synergies','Medium','On Hold',319643.67,'Allen-Thomas'),(76,'Versatile clear-thinking info-mediaries','None he agency left score. Green hand good strategy democratic create Democrat test. Age though off player let.','2024-04-24','2025-02-25','Tonya Moreno','utilize B2C models','Medium','Cancelled',458925.71,'Brown, Howell and Berg'),(77,'Devolved object-oriented intranet','Under society start media. Modern institution in least former surface instead moment. Future this style hold sometimes financial.','2023-04-08','2025-05-02','Charles Hoffman','deploy turn-key deliverables','Medium','Completed',360175.15,'Erickson LLC'),(78,'Devolved multi-state secured line','They whatever arm pay face film. Political baby attention woman he available. Role system now study about garden.','2023-05-12','2023-09-09','Allen Harmon','empower mission-critical eyeballs','High','Completed',409981.90,'Cruz Inc'),(79,'Self-enabling grid-enabled focus group','Experience social life window should. Trial sport dog ground positive hit artist. Economy near man popular drive.','2024-08-14','2024-11-27','Jamie Odom','iterate end-to-end channels','Medium','Planning',260918.14,'Hammond, Underwood and Harris'),(80,'Focused bandwidth-monitored application','Top television speak until will. Poor skill back today role war. Recognize goal trouble management all kitchen.','2024-04-23','2025-02-12','Michael Eaton','unleash ubiquitous experiences','Medium','On Hold',890013.45,'Brown Inc'),(81,'Sharable intermediate frame','Various simply look worker investment oil energy. Rule technology four possible small. Group you among sometimes plant especially.','2024-06-05','2025-03-06','William Davis','redefine back-end synergies','High','Cancelled',130166.25,'Woods Group'),(82,'Self-enabling analyzing flexibility','Along serious news as visit mission gas customer. Anything wish Democrat none note evening pull.','2023-01-15','2025-07-24','Kimberly Nichols','repurpose rich channels','Critical','On Hold',890879.21,'Branch-Simmons'),(83,'Inverse methodical challenge','Big low rule edge. Than so surface your.','2024-10-15','2025-08-29','Mary Hardin','target value-added methodologies','Low','Cancelled',840260.15,'Malone-Morales'),(84,'Secured contextually-based standardization','List my young candidate. High sister career other election material might.','2024-05-16','2025-05-22','Carly Cobb','deliver open-source e-commerce','Low','In Progress',581794.71,'Odom, Johnson and Steele'),(85,'Progressive fresh-thinking Graphical User Interface','Thousand ability share real every laugh. Face already themselves hard. Provide feeling student coach sport majority pattern everything.','2023-12-11','2025-12-09','William Barnes','empower B2B e-commerce','Medium','Cancelled',323286.32,'Sparks, Wise and Henry'),(86,'Phased bandwidth-monitored solution','Baby after religious remember. Step however hotel final grow. Someone however through.','2023-02-28','2024-03-27','Jason Goodman','visualize synergistic bandwidth','Low','On Hold',581753.42,'Robbins, Townsend and Miller'),(87,'Open-source bi-directional implementation','Item entire green certain international kitchen fund.','2023-03-19','2025-07-06','Brandi Bennett','strategize value-added e-tailers','Critical','Cancelled',471075.09,'Vargas-Hernandez'),(88,'Optimized dedicated access','Sport free example small everything fund woman. Various get practice seem.','2024-12-04','2025-12-03','Christine Wells','deploy user-centric mindshare','Critical','Cancelled',648712.88,'Hall-Jensen'),(89,'Grass-roots bifurcated frame','Second detail national size reason. Find approach finish military.','2024-11-03','2025-04-08','Jeffrey Martinez','seize user-centric bandwidth','Critical','On Hold',873973.99,'Robinson, Steele and Owens'),(90,'Synergistic multimedia alliance','Ability after race president law. Reveal next politics strategy.','2023-07-01','2024-02-11','Lisa Jones','whiteboard strategic methodologies','Critical','Planning',407051.98,'Townsend Ltd'),(91,'Stand-alone uniform functionalities','Goal project quite hold because power. Let generation reason beautiful. Often arrive concern budget animal word bank.','2023-08-06','2025-06-02','Laura Griffith','re-intermediate value-added interfaces','Low','Planning',642163.53,'Wright, Sharp and Williamson'),(92,'Progressive explicit neural-net','Light couple main late indicate win. Chance total fire analysis student attention large.','2023-05-14','2023-09-26','Justin Martin','visualize turn-key systems','Low','On Hold',509370.96,'Cantu, Hayden and Harris'),(93,'Re-contextualized demand-driven knowledgebase','During into education table include economy today. Purpose stage action return reach lot benefit. Need power body just way describe hot.','2024-02-21','2025-04-30','Carmen Hendricks','re-contextualize viral methodologies','High','Completed',202717.67,'Mcfarland, Jarvis and Jackson'),(94,'Ergonomic asynchronous structure','A bad writer edge under modern. Sometimes nature son church true. Letter especially through Mrs bar imagine.','2023-12-09','2024-12-25','Gina Davidson','brand global web-readiness','Low','Cancelled',744585.05,'Baker, Ray and Hamilton'),(95,'Synergistic actuating help-desk','Throw technology yard technology world. Present seven employee case however than. Own body try source.','2023-04-15','2024-03-12','Tammy Watson','matrix impactful systems','Critical','In Progress',481271.75,'Washington, Fleming and Johnson'),(96,'Diverse dynamic protocol','Land itself black candidate wonder our soldier. Year member reason also.','2024-02-26','2025-04-12','William Simmons','incubate global networks','Critical','Completed',547680.04,'Williams-Morgan'),(97,'Versatile explicit solution','Magazine seek poor assume suffer remain leg. Attention party close go method.','2024-11-26','2024-11-26','Ian Marshall','enhance value-added networks','High','On Hold',526185.39,'Rivers-Rogers'),(98,'De-engineered motivating service-desk','Hospital bag book himself. Recognize term it TV.','2024-11-14','2025-01-13','Nicole Hansen','drive open-source channels','Low','On Hold',379765.83,'Schneider and Sons'),(99,'Expanded content-based definition','Fish care success seven seek not late. Least model laugh more late. Expert list evening discover risk billion culture career.','2024-11-30','2025-03-31','Christopher Schultz','drive bleeding-edge niches','Critical','Cancelled',580255.37,'Barrera-Martin'),(100,'Exclusive bifurcated conglomeration','Area teach artist them address simple technology mother. Physical growth within early national power half.','2023-01-03','2024-03-13','Lauren Frost','drive one-to-one initiatives','Medium','Completed',568507.43,'Hoover-Clark');
/*!40000 ALTER TABLE `tbl_projects` ENABLE KEYS */;
UNLOCK TABLES;

--
-- Table structure for table `tbl_providers`
--

DROP TABLE IF EXISTS `tbl_providers`;
/*!40101 SET @saved_cs_client     = @@character_set_client */;
/*!50503 SET character_set_client = utf8mb4 */;
CREATE TABLE `tbl_providers` (
  `provider_id` int NOT NULL AUTO_INCREMENT,
  `provider_name` varchar(100) NOT NULL,
  `contact_info` varchar(255) DEFAULT NULL,
  `website` varchar(255) DEFAULT NULL,
  `provider_type` enum('Cloud','SaaS','Hardware','Software','Service') NOT NULL,
  `account_manager_name` varchar(100) DEFAULT NULL,
  `account_manager_email` varchar(100) DEFAULT NULL,
  `contract_start_date` date NOT NULL,
  `contract_end_date` date NOT NULL,
  `payment_terms` varchar(50) NOT NULL,
  `status` enum('Active','Inactive','Suspended') DEFAULT 'Active',
  PRIMARY KEY (`provider_id`),
  KEY `idx_provider_type` (`provider_type`,`status`),
  KEY `idx_provider_name` (`provider_name`),
  CONSTRAINT `chk_contract_dates` CHECK ((`contract_end_date` > `contract_start_date`)),
  CONSTRAINT `chk_email_format` CHECK (regexp_like(`account_manager_email`,_utf8mb4'^[A-Za-z0-9._%+-]+@[A-Za-z0-9.-]+\\.[A-Z|a-z]{2,}$'))
) ENGINE=InnoDB AUTO_INCREMENT=101 DEFAULT CHARSET=utf8mb4 COLLATE=utf8mb4_0900_ai_ci;
/*!40101 SET character_set_client = @saved_cs_client */;

--
-- Dumping data for table `tbl_providers`
--

LOCK TABLES `tbl_providers` WRITE;
/*!40000 ALTER TABLE `tbl_providers` DISABLE KEYS */;
INSERT INTO `tbl_providers` VALUES (1,'Taylor, Gray and Jenkins','jessica55@example.net','https://www.jacobs.com/','Hardware','Jason Walker','snyderroy@example.com','2023-03-20','2025-09-28','Prepaid','Active'),(2,'Thompson, Rodriguez and Benson','wendysmith@example.org','http://shah.com/','Software','Shane Lopez','amoore@example.net','2024-05-18','2026-03-05','Prepaid','Active'),(3,'Ward, Cole and Owens','todd62@example.org','https://www.ford.biz/','Service','Diane Browning','gharrison@example.org','2023-03-18','2023-07-09','Net 60','Inactive'),(4,'Smith-Cortez','meganfitzgerald@example.com','https://www.white.com/','Cloud','Yolanda Blanchard','hsmith@example.net','2023-08-12','2025-08-08','Annual','Active'),(5,'Gonzalez-Thomas','megan49@example.net','http://booth.com/','Cloud','Dennis Rodriguez','billyrodriguez@example.com','2024-09-04','2026-08-01','Net 30','Inactive'),(6,'Mason Group','wadekathryn@example.net','http://www.glover-williamson.com/','Service','Kim Welch','craig03@example.net','2024-01-05','2025-03-14','Prepaid','Suspended'),(7,'Oneill, Rivera and Fox','lisa30@example.net','https://cortez-cook.biz/','Service','Ashley Trujillo','keith51@example.net','2023-09-11','2025-06-02','Annual','Suspended'),(8,'Hansen-White','vrivera@example.com','https://dixon.com/','Service','Ann Clark','evelyn13@example.com','2024-01-15','2025-10-01','Net 30','Suspended'),(9,'Perry Inc','ulandry@example.net','http://osborne.com/','Hardware','Grant Rivers','vincent06@example.net','2023-06-27','2024-01-17','Annual','Active'),(10,'Bass, Gregory and Atkinson','barbara67@example.org','http://hart.biz/','Software','Kyle Kelly','robertdiaz@example.com','2024-01-14','2024-05-10','Prepaid','Inactive'),(11,'Campbell Group','hernandezbrandon@example.com','https://www.ruiz.biz/','Service','Jessica Ramirez','joseph38@example.com','2023-03-17','2026-05-04','Net 30','Suspended'),(12,'Hicks, Sims and Beltran','shannonerickson@example.org','https://www.sellers.com/','Hardware','Brian Ortega','hernandeztony@example.net','2023-07-02','2026-10-04','Net 30','Inactive'),(13,'Lee Inc','mark25@example.com','https://watson-stein.net/','Service','Keith Lee','xmerritt@example.net','2023-02-06','2024-02-05','Annual','Inactive'),(14,'Moses-Anderson','edwardromero@example.org','https://www.reed.info/','Software','Tyler Mccarthy','ajones@example.net','2024-08-30','2026-02-27','Net 30','Active'),(15,'Howell-Shannon','ndunn@example.org','https://www.woods.com/','Service','Mark Morgan','qadams@example.org','2023-10-08','2025-04-23','Annual','Inactive'),(16,'Vaughn-Marshall','ksilva@example.net','http://www.bruce.com/','Service','Gregory Jenkins','zroberts@example.net','2024-12-15','2026-04-12','Annual','Suspended'),(17,'Robbins LLC','ksmith@example.com','https://luna.info/','Service','Michelle Santos','malonebrian@example.net','2024-04-23','2026-03-22','Annual','Active'),(18,'Douglas Inc','spage@example.net','http://www.peters.net/','Service','Karl Larson','michaelbanks@example.net','2023-04-21','2023-12-24','Net 30','Suspended'),(19,'Sandoval and Sons','joanna66@example.net','http://williams.com/','Service','Daniel Mccoy','nhammond@example.net','2024-03-26','2024-11-03','Annual','Active'),(20,'Smith Inc','omarstevens@example.org','http://stewart.org/','Cloud','William Richards','fwilkins@example.net','2023-09-16','2026-04-28','Annual','Inactive'),(21,'Murphy, Jones and Anderson','sharpstephen@example.org','https://king.com/','Hardware','William Moses','greenechristopher@example.org','2024-10-29','2025-10-12','Net 60','Active'),(22,'Fowler-Cunningham','brian17@example.net','http://www.graham.com/','Cloud','Michael Ingram','jessica70@example.net','2024-08-15','2025-01-28','Prepaid','Active'),(23,'Green Group','nicole48@example.net','http://malone-hart.net/','Cloud','Elizabeth Todd','robert41@example.net','2023-04-28','2023-08-30','Net 60','Inactive'),(24,'Navarro LLC','hschmidt@example.net','https://www.meza.com/','Cloud','Diana Mitchell','gravesdavid@example.org','2023-04-09','2023-12-13','Net 30','Inactive'),(25,'Harris PLC','briana15@example.org','http://brewer.org/','Service','Carolyn Parker','gthompson@example.net','2024-07-29','2025-08-01','Net 30','Inactive'),(26,'Montgomery-Scott','martinezmaria@example.com','https://www.brooks.com/','Service','Donald Abbott','stephenwolfe@example.org','2023-06-21','2024-06-14','Prepaid','Inactive'),(27,'Miller Ltd','jamesbrown@example.net','https://santiago.com/','SaaS','Erica Wilson','mary48@example.org','2023-06-05','2024-09-30','Net 60','Suspended'),(28,'Richmond-Jones','michealabbott@example.com','https://www.middleton.biz/','Cloud','Scott Thomas','lopezkathryn@example.net','2023-04-05','2025-10-22','Prepaid','Inactive'),(29,'Brown-Garcia','karen36@example.com','http://franklin-chandler.biz/','SaaS','Rhonda Peterson','gmartinez@example.org','2024-05-12','2026-02-17','Prepaid','Suspended'),(30,'Foster, Harrington and Simpson','jesse25@example.net','https://www.martin-pitts.com/','Cloud','Steven Roberts','john45@example.com','2023-01-28','2023-12-15','Prepaid','Suspended'),(31,'Huffman, Montes and Flores','srowland@example.net','https://www.armstrong-winters.com/','Software','Jim Horton','debbie77@example.com','2023-09-27','2024-11-20','Prepaid','Inactive'),(32,'Cameron, Martinez and Rasmussen','blakejustin@example.org','https://www.gomez-smith.org/','Cloud','Corey Hooper','pharris@example.com','2024-01-19','2024-03-05','Net 60','Suspended'),(33,'Johnson Group','kennethchan@example.net','http://www.hopkins.com/','Hardware','Gary Allen','shane53@example.net','2024-11-18','2026-09-25','Annual','Inactive'),(34,'Bolton LLC','bondcrystal@example.com','http://www.aguilar.info/','SaaS','Courtney Davis','rachelmason@example.com','2023-07-26','2026-04-29','Annual','Suspended'),(35,'Harris, Perez and Wade','dtate@example.net','http://www.olson.net/','Service','Amber Hernandez','smithjacob@example.org','2024-07-14','2025-03-08','Annual','Inactive'),(36,'Berry, Walker and Nelson','julie70@example.net','https://ortiz.com/','Hardware','Jennifer Arnold','gabriellopez@example.com','2024-03-19','2024-07-19','Net 60','Suspended'),(37,'Brown-Marsh','johnsonjessica@example.net','http://bautista.com/','Cloud','Jessica Young','rosesamantha@example.net','2023-03-12','2023-08-07','Net 30','Inactive'),(38,'Gonzalez Ltd','virginiaespinoza@example.net','http://www.bailey.biz/','Service','Rick Edwards','ybriggs@example.com','2023-10-11','2024-08-06','Net 30','Inactive'),(39,'Clark Group','sstephens@example.org','http://www.perez.com/','Software','David Potter','nealchristopher@example.com','2024-10-16','2025-10-23','Prepaid','Suspended'),(40,'Hernandez-Lopez','taylorleslie@example.net','https://www.johnson.biz/','Cloud','Meghan Green','tonyajackson@example.net','2024-07-22','2026-09-29','Annual','Inactive'),(41,'Anderson, Stephens and Reyes','beckchristine@example.net','https://www.johnson-donovan.org/','Cloud','Kimberly Manning','vsanders@example.com','2023-02-22','2024-01-08','Net 30','Active'),(42,'Jones Group','mwillis@example.net','https://brennan-osborne.info/','Software','Danielle Ortiz DVM','jjackson@example.com','2024-03-26','2026-04-25','Annual','Inactive'),(43,'Coleman, Copeland and Johnson','michael71@example.com','https://www.mccoy.com/','Software','Richard Gonzales','cainanthony@example.com','2024-10-25','2024-11-03','Net 30','Inactive'),(44,'Rogers Ltd','samanthamccormick@example.org','http://www.patterson-fuller.info/','Hardware','Robert Goodman','michelle34@example.org','2023-07-27','2024-10-26','Net 30','Inactive'),(45,'Schroeder PLC','marychavez@example.net','http://garner.net/','Cloud','Laura Peterson','emartinez@example.net','2024-03-02','2024-11-02','Net 30','Active'),(46,'Hanson Group','karenreynolds@example.net','https://www.smith.com/','Service','Jessica Thompson','umills@example.net','2023-05-07','2025-02-05','Net 30','Active'),(47,'Schneider-Smith','xlivingston@example.org','http://smith-griffin.com/','Service','Isabella Aguilar','arobinson@example.net','2023-08-12','2024-01-15','Net 60','Inactive'),(48,'Myers Ltd','teresaflynn@example.net','https://frost.com/','SaaS','Christian Bailey','andrewsjohn@example.org','2023-12-07','2025-12-14','Net 60','Active'),(49,'Shelton and Sons','scottrenee@example.net','https://www.fowler.com/','Software','Kelly Gonzalez','michael66@example.com','2024-07-24','2025-02-24','Net 60','Inactive'),(50,'Weber, Vega and Brown','ksantos@example.org','http://www.parker.net/','Service','Robert Gonzales','anthonymoore@example.net','2023-02-09','2025-09-12','Net 60','Suspended'),(51,'Smith, Williams and Schwartz','sara63@example.com','https://walsh-wilson.biz/','Cloud','Mrs. Laurie Wise','noah56@example.com','2023-05-22','2026-05-04','Net 60','Suspended'),(52,'Forbes-Fletcher','andreacox@example.net','http://bass-webb.info/','Hardware','Jorge Morgan','kristy21@example.com','2023-07-12','2024-07-28','Net 60','Suspended'),(53,'Mccann, Brady and Gray','jennifer68@example.com','https://serrano.com/','Cloud','Nicholas Rodriguez','bennettthomas@example.org','2024-09-30','2026-02-19','Net 30','Active'),(54,'Smith Ltd','garzastephanie@example.net','http://nicholson.com/','Hardware','Jasmine Howard','josephchung@example.com','2024-04-20','2024-11-22','Net 60','Active'),(55,'Petersen, Chapman and Holland','ashleysalazar@example.net','http://www.young-carroll.net/','Software','Cynthia Bell','jyoung@example.net','2023-02-28','2024-11-24','Net 30','Inactive'),(56,'Cooper Inc','wrightrichard@example.net','http://nash.com/','SaaS','Nicole Bennett','nespinoza@example.net','2023-07-14','2025-06-26','Net 30','Inactive'),(57,'Martin, Williams and Abbott','dmiller@example.net','https://herrera.com/','Cloud','Michael Coleman','rojastimothy@example.com','2023-04-06','2024-04-11','Net 60','Inactive'),(58,'Miller, Morgan and Knight','bhines@example.net','https://www.miller.com/','Cloud','Richard Keller','joseph38@example.net','2024-07-21','2026-01-30','Annual','Inactive'),(59,'Brown, Boyer and Smith','tina68@example.com','http://www.watson.com/','Service','Scott Miller','sarah86@example.org','2023-03-03','2025-09-18','Net 30','Inactive'),(60,'Russo-Carr','calvin44@example.net','https://gross.net/','SaaS','Matthew Sharp','edwardramirez@example.com','2023-05-02','2025-02-07','Net 60','Inactive'),(61,'Marsh-Payne','nicholsonvictoria@example.com','http://www.cardenas.com/','Cloud','Breanna Bright','patricia12@example.net','2024-05-17','2024-09-16','Net 30','Active'),(62,'Bartlett Group','johnsoncarrie@example.com','http://www.martinez.com/','Hardware','Peter Hanson','matthewthompson@example.net','2022-12-29','2026-03-03','Annual','Active'),(63,'Alvarado, Jones and Hunt','browneric@example.net','https://medina.info/','Cloud','Jodi Kline','petersenbrittany@example.net','2024-06-21','2024-09-12','Annual','Active'),(64,'Johnson-Perez','lmeyer@example.com','https://www.alexander.com/','Software','Timothy Parker','qrusso@example.org','2024-03-30','2026-05-18','Net 30','Suspended'),(65,'Peters-Hill','colinrobinson@example.org','https://allen.net/','SaaS','Stacy Peterson','gileskatherine@example.org','2024-10-26','2026-10-31','Net 30','Inactive'),(66,'Barton, Larson and Holmes','yorklarry@example.com','https://smith.com/','Software','Sherri Obrien','jolson@example.net','2023-10-16','2025-10-28','Net 60','Suspended'),(67,'Diaz-Smith','johncook@example.org','https://smith-martinez.com/','Cloud','Miguel Anderson','huffbrian@example.net','2024-09-19','2024-12-01','Net 30','Inactive'),(68,'Thomas-Norris','josephrose@example.net','https://petersen.com/','Cloud','Patricia Morgan','richardsteven@example.net','2024-03-11','2026-08-10','Prepaid','Suspended'),(69,'Barron, Reynolds and Gibbs','jonesrobert@example.com','http://www.johnson.com/','Cloud','Sarah Wells','mgutierrez@example.net','2024-01-29','2024-09-04','Annual','Active'),(70,'Torres Group','lgarcia@example.com','http://www.williams.com/','Hardware','Mario Smith','williscarol@example.org','2024-04-06','2026-05-02','Annual','Active'),(71,'Freeman, James and Hernandez','klong@example.com','http://jenkins-meyer.com/','Software','Christie Ball','amy29@example.net','2023-04-07','2023-12-05','Net 60','Inactive'),(72,'Fields and Sons','devin88@example.net','https://johnson.com/','Cloud','Laura James','helenjefferson@example.org','2024-08-01','2026-10-26','Prepaid','Active'),(73,'Phillips, Hall and Tanner','dana02@example.org','http://www.baker.com/','Software','Mary Lang','jonesclinton@example.com','2023-11-25','2024-11-14','Net 30','Active'),(74,'Gonzales-Mendez','shannon64@example.net','http://www.miller.com/','Service','Kimberly Delacruz','harveymark@example.com','2023-08-26','2023-12-23','Annual','Active'),(75,'Warren-Lewis','savagejamie@example.net','http://www.hill.com/','Hardware','Mark Gomez','claudia69@example.net','2023-12-19','2024-05-06','Net 30','Inactive'),(76,'Lewis LLC','smithpaul@example.net','http://www.rice-rhodes.com/','Hardware','Stacey Shelton','mayoandrea@example.com','2023-07-03','2024-07-21','Prepaid','Inactive'),(77,'Wilson-Curtis','samuel31@example.com','http://www.tanner.com/','Software','Richard Price','sara60@example.org','2023-09-03','2024-04-04','Net 30','Inactive'),(78,'Scott, Jones and Hernandez','larry85@example.com','http://solis.com/','Software','Tina Walker','laura21@example.net','2024-11-25','2026-06-05','Prepaid','Active'),(79,'Ramirez Ltd','nicolecain@example.org','http://kelly.com/','Service','Kevin Adams','christina76@example.com','2023-02-18','2026-02-12','Net 30','Inactive'),(80,'Campos, Gutierrez and Brown','donaldbaird@example.net','http://paul.com/','Cloud','Ryan Walker','xrodriguez@example.com','2024-05-21','2024-09-03','Net 60','Suspended'),(81,'Brown and Sons','jamesdaniel@example.net','https://www.wiggins-huffman.info/','Service','Melanie Cox','alimary@example.org','2023-12-03','2025-10-05','Annual','Inactive'),(82,'Wilkins-Best','cortezchristopher@example.org','http://petersen.com/','Cloud','Michelle White','deanna58@example.net','2023-07-23','2025-09-13','Prepaid','Suspended'),(83,'Thompson, Simmons and Murphy','markmelendez@example.net','https://harding-nelson.com/','Hardware','Candice Harris','tiffany08@example.net','2023-06-11','2025-11-24','Net 60','Inactive'),(84,'Johnson-Thomas','kennedygregory@example.net','https://www.allen.net/','SaaS','Karen Anderson','rubensingh@example.com','2023-01-30','2025-01-03','Net 30','Active'),(85,'Garcia-Stone','james98@example.com','https://www.miller-perez.com/','SaaS','Daniel Turner','costasara@example.org','2024-08-23','2026-08-03','Annual','Inactive'),(86,'Thompson-Hill','ashleyfrench@example.com','http://www.torres-peterson.com/','Hardware','Angela Preston','paulhunt@example.com','2023-01-24','2026-07-05','Prepaid','Suspended'),(87,'Edwards-Peterson','cbarnes@example.org','http://www.fisher.com/','Service','Jerry Gibbs','rlloyd@example.com','2024-02-21','2024-07-12','Net 30','Inactive'),(88,'Delacruz Inc','amber64@example.org','https://gonzalez-moyer.org/','Cloud','Christine Moreno','oreyes@example.org','2024-12-14','2026-06-24','Net 30','Inactive'),(89,'Williams and Sons','david68@example.org','http://www.mccoy.net/','Service','Marcus Gates','jsmith@example.net','2024-10-22','2026-02-28','Net 30','Active'),(90,'Washington-Ellis','dana45@example.com','http://www.burke.com/','Cloud','Anita Adkins','loweveronica@example.com','2024-10-09','2026-07-14','Net 60','Inactive'),(91,'Anderson, Villa and May','scottcooper@example.net','http://www.wall.com/','Cloud','Adam Singh','bschmitt@example.net','2024-04-02','2025-11-15','Annual','Inactive'),(92,'Dunn-Fields','shermanlori@example.com','https://www.smith.net/','SaaS','Todd Moreno','ypeterson@example.org','2024-11-25','2025-12-23','Annual','Inactive'),(93,'Shaw-Sparks','donald23@example.net','http://www.ross.com/','Hardware','Tracy Escobar','dillon23@example.org','2023-03-04','2025-05-05','Net 30','Inactive'),(94,'Holden, Medina and Hester','ythomas@example.org','https://www.rhodes.com/','Software','David Murphy','dunndaniel@example.org','2023-06-29','2026-01-31','Net 30','Inactive'),(95,'Matthews, Stanley and Fowler','blakecunningham@example.org','https://deleon-larson.com/','SaaS','Sheila Kelley','jessicaherrera@example.net','2023-10-14','2025-09-15','Prepaid','Suspended'),(96,'Davis-Gaines','brian09@example.com','https://jarvis.com/','Hardware','Danielle Mejia','kristyhart@example.org','2024-12-10','2025-11-09','Annual','Inactive'),(97,'Santos-Bradford','chapmanbenjamin@example.com','http://smith.com/','Service','Meagan Russo','bwarren@example.com','2023-02-17','2026-12-15','Net 30','Active'),(98,'Graham-Randall','jenniferbaker@example.com','http://russell.biz/','Software','Joseph Martinez','hickskatherine@example.net','2023-04-10','2024-09-18','Net 30','Active'),(99,'Ramirez, Singleton and Meyer','brooke05@example.org','http://www.weaver-garcia.info/','Hardware','Wendy Hammond','rcobb@example.net','2024-03-07','2025-10-25','Net 60','Inactive'),(100,'Rodriguez, Patterson and Weaver','sean52@example.net','http://www.ward.net/','Cloud','Joyce Bray','connortran@example.net','2023-02-23','2023-11-20','Prepaid','Active');
/*!40000 ALTER TABLE `tbl_providers` ENABLE KEYS */;
UNLOCK TABLES;

--
-- Table structure for table `tbl_resource_utilization`
--

DROP TABLE IF EXISTS `tbl_resource_utilization`;
/*!40101 SET @saved_cs_client     = @@character_set_client */;
/*!50503 SET character_set_client = utf8mb4 */;
CREATE TABLE `tbl_resource_utilization` (
  `utilization_id` int NOT NULL AUTO_INCREMENT,
  `fk_resource_id` int NOT NULL,
  `fk_project_id` int NOT NULL,
  `record_date` date NOT NULL,
  `cpu_utilization` decimal(5,2) NOT NULL,
  `memory_utilization` decimal(5,2) NOT NULL,
  `storage_utilization` decimal(5,2) NOT NULL,
  `network_traffic` decimal(15,2) NOT NULL,
  `active_users` int NOT NULL DEFAULT '0',
  `performance_score` decimal(4,2) NOT NULL,
  PRIMARY KEY (`utilization_id`),
  KEY `idx_utilization_resource` (`fk_resource_id`),
  KEY `idx_utilization_project` (`fk_project_id`),
  KEY `idx_utilization_date` (`record_date`),
  CONSTRAINT `tbl_resource_utilization_ibfk_1` FOREIGN KEY (`fk_resource_id`) REFERENCES `tbl_resources` (`resource_id`) ON DELETE CASCADE,
  CONSTRAINT `tbl_resource_utilization_ibfk_2` FOREIGN KEY (`fk_project_id`) REFERENCES `tbl_projects` (`project_id`) ON DELETE CASCADE,
  CONSTRAINT `chk_utilization` CHECK (((`cpu_utilization` between 0 and 100) and (`memory_utilization` between 0 and 100) and (`storage_utilization` between 0 and 100) and (`performance_score` between 0 and 10)))
) ENGINE=InnoDB AUTO_INCREMENT=101 DEFAULT CHARSET=utf8mb4 COLLATE=utf8mb4_0900_ai_ci;
/*!40101 SET character_set_client = @saved_cs_client */;

--
-- Dumping data for table `tbl_resource_utilization`
--

LOCK TABLES `tbl_resource_utilization` WRITE;
/*!40000 ALTER TABLE `tbl_resource_utilization` DISABLE KEYS */;
INSERT INTO `tbl_resource_utilization` VALUES (1,58,23,'2024-07-06',53.44,33.42,76.75,73.62,32,2.80),(2,5,69,'2024-04-03',32.67,82.10,83.86,556.62,66,3.36),(3,38,98,'2024-01-22',30.27,63.31,20.81,915.00,65,3.73),(4,48,98,'2024-07-13',27.83,78.75,96.95,829.25,76,2.14),(5,76,3,'2024-08-19',17.55,86.80,75.64,816.99,36,1.30),(6,90,49,'2024-04-17',45.88,43.73,65.05,576.96,29,3.06),(7,81,90,'2024-04-12',22.09,74.14,20.67,289.40,67,3.05),(8,49,64,'2024-03-22',71.56,90.77,36.30,160.43,78,3.79),(9,67,98,'2024-05-05',48.81,18.20,18.80,572.83,25,0.56),(10,48,79,'2024-03-22',16.16,20.73,44.19,521.56,15,4.96),(11,33,75,'2024-03-12',38.87,92.44,77.77,924.98,77,2.88),(12,15,60,'2024-04-26',47.65,29.13,26.19,576.19,56,1.42),(13,85,6,'2024-12-07',28.04,15.20,97.58,299.61,92,2.27),(14,51,49,'2024-06-27',40.98,44.11,81.57,59.26,99,3.07),(15,5,4,'2024-03-08',22.97,53.46,45.43,296.57,77,1.47),(16,85,39,'2024-10-08',80.38,44.63,50.73,760.09,42,0.81),(17,99,3,'2024-04-01',49.29,63.92,98.10,419.51,58,1.19),(18,23,45,'2024-04-08',55.06,86.78,61.25,772.83,25,3.31),(19,70,66,'2024-10-17',36.24,22.46,58.14,847.29,42,2.78),(20,29,88,'2024-11-30',89.10,81.37,19.38,23.93,55,3.78),(21,41,39,'2024-03-07',23.70,93.94,43.58,370.01,17,0.52),(22,33,80,'2024-06-30',33.91,20.33,66.62,725.87,79,4.77),(23,7,30,'2024-04-28',65.39,38.06,66.42,270.27,39,2.75),(24,21,11,'2024-10-01',21.43,99.91,50.44,573.16,69,2.37),(25,73,5,'2024-11-11',63.63,25.41,19.59,57.56,56,3.95),(26,17,37,'2024-06-01',73.51,92.46,82.42,180.13,52,2.64),(27,10,6,'2024-03-22',14.76,11.80,11.98,914.63,47,2.47),(28,33,91,'2024-10-26',90.01,93.44,78.82,359.74,55,3.01),(29,42,20,'2024-12-16',39.61,99.74,88.35,127.99,71,2.72),(30,96,23,'2024-07-12',19.62,11.86,60.81,317.34,20,3.37),(31,3,75,'2024-06-24',64.89,78.01,54.39,922.81,2,1.66),(32,99,38,'2024-10-01',36.30,83.52,99.05,650.74,22,2.55),(33,99,75,'2024-06-16',49.05,96.13,39.66,994.47,63,3.75),(34,24,80,'2024-11-03',12.66,23.89,15.38,701.88,90,4.11),(35,19,82,'2024-12-09',60.12,52.54,66.59,819.46,40,4.45),(36,75,78,'2024-08-27',54.26,58.23,75.59,288.72,25,1.73),(37,45,65,'2024-12-04',16.43,41.68,90.37,573.81,82,3.66),(38,63,68,'2024-08-12',31.53,52.73,38.86,697.68,90,2.07),(39,37,39,'2024-10-11',94.40,23.36,36.78,937.05,8,1.71),(40,92,42,'2024-11-11',94.63,74.68,52.80,603.45,48,0.92),(41,43,18,'2024-02-26',62.40,43.07,76.78,726.80,52,1.40),(42,91,5,'2024-03-07',81.63,52.86,97.18,107.67,80,4.73),(43,30,7,'2024-04-15',62.29,50.65,26.65,581.43,43,2.55),(44,37,97,'2024-03-13',74.34,14.05,73.72,834.60,21,4.03),(45,25,54,'2024-05-13',80.36,78.99,22.34,861.48,97,3.79),(46,22,94,'2024-10-13',95.89,78.21,63.20,531.25,43,2.20),(47,83,81,'2024-05-25',53.05,92.61,29.64,687.14,64,0.77),(48,10,72,'2024-10-13',12.71,82.16,39.35,429.83,97,3.80),(49,2,94,'2024-11-17',79.35,19.00,20.37,632.83,11,3.07),(50,45,51,'2024-07-03',70.40,42.13,54.30,410.91,6,2.51),(51,31,15,'2024-07-21',52.55,34.74,66.93,431.46,12,3.52),(52,7,32,'2024-11-24',46.34,23.79,69.68,140.54,58,0.77),(53,75,21,'2024-03-04',70.91,15.44,62.40,48.36,72,1.13),(54,43,25,'2024-11-28',52.94,55.43,54.58,697.67,37,3.55),(55,42,15,'2024-05-15',63.30,32.92,99.55,146.51,40,4.95),(56,2,29,'2024-01-12',89.24,68.29,85.07,484.19,71,3.98),(57,31,96,'2024-04-10',29.92,57.78,70.50,403.32,72,4.67),(58,85,82,'2024-12-16',66.09,63.05,61.39,68.36,6,1.04),(59,85,38,'2024-04-03',55.49,13.52,87.54,492.99,45,0.52),(60,54,17,'2024-06-08',82.78,33.14,40.77,90.25,71,2.68),(61,71,63,'2024-08-24',45.50,98.12,45.11,305.15,23,2.23),(62,19,56,'2024-10-06',74.60,23.50,43.31,377.40,29,1.84),(63,70,96,'2024-06-03',19.31,89.13,94.83,779.36,37,2.44),(64,24,54,'2024-06-02',45.23,68.54,56.57,803.62,63,1.85),(65,51,35,'2024-01-24',54.76,51.19,78.97,963.08,18,0.58),(66,89,68,'2024-06-03',86.43,48.95,76.14,316.64,44,1.78),(67,45,12,'2024-07-21',20.63,71.86,51.09,846.83,71,3.94),(68,7,92,'2024-06-13',68.60,24.10,77.25,668.76,71,1.24),(69,4,99,'2024-05-01',71.55,42.25,93.68,390.11,63,3.87),(70,33,28,'2024-10-02',97.18,41.55,11.99,744.22,46,3.81),(71,53,50,'2024-01-04',75.65,96.87,18.52,250.79,2,2.99),(72,44,58,'2024-04-11',19.88,19.89,88.31,19.86,5,3.41),(73,85,30,'2024-07-10',36.58,54.03,41.62,404.00,45,0.79),(74,87,32,'2024-11-13',86.40,33.04,13.62,489.73,69,3.61),(75,3,18,'2024-05-09',88.76,12.53,87.03,614.81,37,3.09),(76,16,62,'2024-05-19',75.47,96.91,28.80,404.68,60,2.87),(77,90,93,'2024-10-20',90.67,74.84,39.80,327.05,43,1.17),(78,44,93,'2024-08-07',82.21,11.69,93.79,135.12,64,1.82),(79,82,16,'2024-01-09',41.07,88.67,34.26,720.85,95,4.72),(80,94,95,'2024-10-26',81.90,25.68,25.04,986.71,28,1.60),(81,9,4,'2024-03-23',64.46,18.62,34.29,509.27,84,3.81),(82,90,15,'2024-11-11',38.56,75.33,74.38,141.22,17,3.30),(83,46,33,'2024-01-09',53.38,87.68,38.69,541.62,63,4.04),(84,33,69,'2024-09-22',92.68,47.47,77.15,581.13,42,3.91),(85,71,12,'2024-02-23',80.71,56.08,48.29,357.55,51,0.99),(86,40,9,'2024-08-03',94.08,14.86,93.22,863.43,77,3.13),(87,31,19,'2024-12-08',99.94,38.05,58.46,123.65,23,3.76),(88,88,75,'2024-11-28',43.57,92.43,11.60,245.36,9,1.06),(89,9,88,'2024-12-11',57.00,40.97,28.06,781.66,68,3.69),(90,3,58,'2024-03-22',85.64,45.94,18.09,560.09,10,3.99),(91,89,48,'2024-07-20',78.83,92.56,15.55,609.92,47,4.20),(92,59,85,'2024-12-17',79.54,60.16,38.55,449.52,79,1.33),(93,15,100,'2024-09-11',13.90,18.04,25.55,931.29,72,2.10),(94,73,64,'2024-09-16',33.15,82.21,17.07,815.71,5,2.56),(95,68,12,'2024-02-12',19.89,15.19,36.55,362.51,45,4.99),(96,24,85,'2024-06-12',57.60,68.67,66.09,400.34,20,3.41),(97,29,36,'2024-04-20',57.83,94.15,74.08,565.85,76,2.85),(98,83,29,'2024-10-22',54.21,91.45,35.03,151.12,68,1.65),(99,17,54,'2024-09-28',68.54,38.17,29.27,262.53,73,0.88),(100,12,65,'2024-02-10',78.58,43.08,66.48,331.87,17,2.22);
/*!40000 ALTER TABLE `tbl_resource_utilization` ENABLE KEYS */;
UNLOCK TABLES;

--
-- Table structure for table `tbl_resources`
--

DROP TABLE IF EXISTS `tbl_resources`;
/*!40101 SET @saved_cs_client     = @@character_set_client */;
/*!50503 SET character_set_client = utf8mb4 */;
CREATE TABLE `tbl_resources` (
  `resource_id` int NOT NULL AUTO_INCREMENT,
  `resource_name` varchar(100) NOT NULL,
  `fk_provider_id` int NOT NULL,
  `resource_type` varchar(50) NOT NULL,
  `configuration` text,
  `subscription_type` enum('Monthly','Yearly','One-time','Pay-as-you-go') NOT NULL,
  `unit_price` decimal(10,2) NOT NULL DEFAULT '0.00',
  `recommended_capacity` int NOT NULL DEFAULT '1',
  `efficiency_rating` decimal(3,2) NOT NULL,
  PRIMARY KEY (`resource_id`),
  KEY `idx_resource_provider` (`fk_provider_id`),
  KEY `idx_resource_type` (`resource_type`),
  KEY `idx_resource_subscription` (`subscription_type`,`unit_price`),
  CONSTRAINT `tbl_resources_ibfk_1` FOREIGN KEY (`fk_provider_id`) REFERENCES `tbl_providers` (`provider_id`) ON DELETE RESTRICT,
  CONSTRAINT `chk_efficiency_rating` CHECK ((`efficiency_rating` between 0.00 and 1.00)),
  CONSTRAINT `chk_recommended_capacity` CHECK ((`recommended_capacity` > 0)),
  CONSTRAINT `chk_unit_price` CHECK ((`unit_price` >= 0))
) ENGINE=InnoDB AUTO_INCREMENT=101 DEFAULT CHARSET=utf8mb4 COLLATE=utf8mb4_0900_ai_ci;
/*!40101 SET character_set_client = @saved_cs_client */;

--
-- Dumping data for table `tbl_resources`
--

LOCK TABLES `tbl_resources` WRITE;
/*!40000 ALTER TABLE `tbl_resources` DISABLE KEYS */;
INSERT INTO `tbl_resources` VALUES (1,'decade Storage',99,'Network','Small more glass. Back thing another pressure. According color ready line.\nWorry remain check north respond final. Difficult Democrat worker billion realize worker.','Monthly',512.15,29,0.70),(2,'compare Application',26,'Application','None long cost history give environment. Increase black quality concern view hotel. Site professional admit where fly. Perhaps wall strong information suddenly detail Congress.','Pay-as-you-go',81.20,74,0.99),(3,'short Compute',88,'Application','Product along his rather top pass. Peace speech fund tell. Over program little dog factor whose. Develop watch star detail cut day.\nBlue perhaps final reason school plant concern particular.','Pay-as-you-go',818.56,3,1.00),(4,'thing Application',92,'Compute','Prevent similar must protect.\nMuch letter decision suggest she expert may. Her back draw see hear live. Protect line move role.','Yearly',48.90,13,0.82),(5,'behind Database',33,'Compute','Happen you as young. Police what thus administration hotel. Need off today later final fine strategy consumer. Decade break budget would owner.','Monthly',944.00,21,0.92),(6,'sing Application',45,'Network','Trial culture type reflect thus minute available. Particularly audience risk development type six window. Ready side number agreement color.','Yearly',403.91,37,0.61),(7,'close Compute',48,'Compute','By even religious face. Energy child yard physical word identify degree. Rule certainly hotel big happy station.','Pay-as-you-go',458.69,15,0.64),(8,'door Storage',35,'Storage','Rock discussion policy many surface available trial. Minute every plant reason fall act statement.\nMajority cell seek quickly range police author. Indicate student city middle social hospital.','Monthly',242.32,76,0.71),(9,'test Database',95,'Network','Provide various affect us again how. Rest final activity method prove. Also more for break book.\nUpon inside east sometimes enough reduce reason. Side later his box nor.\nTough central win really.','Monthly',886.50,58,0.71),(10,'already Storage',12,'Network','Half source Congress try strong wonder. Accept place fill include. Minute often employee necessary way if marriage local.','Yearly',313.02,95,0.52),(11,'quickly Compute',64,'Network','Fight more per class western myself item. Food but strong never.\nProtect report choose. Budget hold participant another tell according least hundred. Because before art ahead conference shake power.','One-time',126.88,48,0.64),(12,'along Network',68,'Storage','Act two guy. Everyone nearly before goal write. Another class daughter set any road.\nSign such help. Focus indicate born perform safe nation home. Believe laugh shake debate cold.','Monthly',369.68,43,0.91),(13,'each Application',85,'Compute','Season magazine scene your. Plant brother my allow test true. Wife fall model race today top cup across. Court any prevent.','Yearly',679.16,31,0.54),(14,'market Database',19,'Compute','Act serve notice pressure bar. Shoulder ground kitchen sure various visit. This young dinner big sense.\nItself tree red defense. East it treat cultural instead evening.','One-time',390.47,5,0.57),(15,'eat Storage',64,'Compute','Firm shoulder ok senior think. Before various enjoy. Interest maybe high low instead its.\nHappy time level medical. Its necessary leave election voice alone. Middle social subject receive sell find.','One-time',749.10,69,0.64),(16,'blood Storage',82,'Network','Somebody receive goal newspaper. Minute third but. Year outside big final. Size require fight again reveal commercial.','Pay-as-you-go',418.22,49,0.56),(17,'mention Database',22,'Storage','Course it keep why case street.\nOption information house technology international resource task. Right beyond suffer rest foreign choice. Expect later career tonight until give.','Monthly',807.45,47,0.59),(18,'south Compute',65,'Storage','Real whatever outside rich may. Write current certainly usually international.\nLeg apply agent thing. Interview total maybe according. Section four two floor main street century.','Monthly',400.12,25,0.56),(19,'certain Database',87,'Network','Court he write bed bag such past end.\nHave center defense remain human discussion case. Effort author city ready. Town notice life and value.','Yearly',832.36,59,0.70),(20,'machine Database',43,'Network','This arrive pick watch. Local challenge along administration perform score.\nHistory here customer TV later.','Pay-as-you-go',229.43,60,0.80),(21,'usually Compute',63,'Network','Education service figure. Media writer resource which free letter someone. Job think ball decide week account expect.\nMessage college too moment.','Pay-as-you-go',738.79,12,0.53),(22,'enter Database',76,'Network','Door indicate water toward attorney she thousand. Wrong your actually.\nNewspaper contain our everyone couple. Management national represent stay.\nPay prove front. Letter religious protect increase.','Monthly',683.44,92,0.86),(23,'whose Network',22,'Database','Every game art. Person box possible order your movie work. Cell road produce ok.\nUnit Mrs social natural kitchen another. Bar each agent one may. Something follow concern other option return still.','Monthly',117.47,91,0.98),(24,'hour Network',26,'Application','Agent like involve scientist. Ability southern effort popular end father.\nAbout place sell argue energy. Water expert every measure. College prevent cultural it herself.','Yearly',523.72,48,0.73),(25,'car Application',32,'Database','Raise report well. According economic size suffer rest like.\nSmile data begin plan.\nSummer behind executive area loss. Pay represent whom near wind line.','Yearly',599.15,26,0.78),(26,'require Storage',14,'Database','Gun list walk machine bed environmental both. Land stage hair anyone. Approach door instead long.\nAsk seem care lot whose increase it work. Fly pattern rock mission become guess.','One-time',586.12,77,0.76),(27,'catch Application',60,'Compute','Both would magazine owner garden Mr. Everything main range. Water our speak guess cold.\nMinute dark stand. Force choice big southern feeling present. Cold because action.','One-time',562.45,19,0.80),(28,'mouth Network',98,'Network','Result couple happy option.\nTrial as heart need meeting include bed. War people decade expert stand. These voice weight technology often mention total.\nFactor nice we us. Since get couple case.','Pay-as-you-go',282.84,28,0.53),(29,'team Storage',25,'Compute','Respond citizen per practice factor happy together. Because single have social. Room officer popular study not social education relationship.','Yearly',427.11,42,0.64),(30,'will Database',95,'Compute','Some sit popular have because.\nBe per especially. Although wrong community interest. Character low place buy sister blue establish.','One-time',532.71,18,0.90),(31,'leader Network',71,'Network','Assume fish appear off arm. Indeed show floor. Management same value alone ever share avoid.\nStill pick out world mouth return because. Could suddenly test left. Story who ready chance.','Monthly',77.12,44,0.90),(32,'ever Compute',86,'Database','Them guy work fly art sign couple. Show national question. Poor continue former ahead off.\nFirst indicate message themselves. Near will live policy agent instead. Kitchen in require but.','One-time',458.46,19,0.91),(33,'whether Network',46,'Network','Fine wall improve shoulder. End different concern country. Low magazine still later commercial. Son area trip middle interesting town.','Monthly',307.28,86,0.84),(34,'may Application',3,'Compute','Talk commercial general final test none. Cup some agree give Congress.\nHigh large door human in. Director he feel stand.\nLook relationship size.','Monthly',111.31,68,0.55),(35,'wall Storage',7,'Compute','Community budget fast involve protect. Spend official rock police list.\nScientist claim source across subject policy probably. Fly scene like.\nWhile skill generation speech far pattern.','Monthly',20.87,58,0.76),(36,'expect Application',18,'Storage','I but Democrat industry. Include none exactly positive know full.\nCover road table American manage admit. Tell make group.','Monthly',336.03,72,0.64),(37,'strong Compute',37,'Storage','Poor design through service body everyone. In activity president wrong. Notice school actually east month.','One-time',884.28,17,0.76),(38,'moment Application',38,'Network','Agree week door voice. Out a ever. Step apply reason thousand quite charge happy.\nGoal star phone fine. House challenge seven question road office now.','Pay-as-you-go',273.41,75,0.99),(39,'end Network',72,'Application','Project case go. Thought of argue understand population blue whole listen.\nToo trip indicate bad. Window meeting news then citizen ago sometimes oil. Service task because music.','One-time',223.57,67,0.82),(40,'watch Network',79,'Compute','Stop capital start network. Woman car different lay forward effort attention.\nTeach term many. Certainly agree business wear home up item. Structure rest pick shake exactly force recognize money.','Pay-as-you-go',658.83,52,0.68),(41,'near Storage',90,'Database','Gas alone detail. Act cause old. Reflect thought hot professor.','Pay-as-you-go',73.56,52,0.95),(42,'mean Database',47,'Application','Ask hour though near town. Place none way history tree. Key wrong buy imagine.\nYoung also left. Become parent hair partner bring southern. See entire ahead budget financial place.','One-time',519.27,68,0.62),(43,'usually Database',15,'Storage','Option allow including responsibility effort wonder decide. Later star might own which eight become water.','Monthly',723.27,75,0.62),(44,'tough Network',79,'Network','Politics happy deep up they and.\nHave ago road agree quite provide. Father do mouth run.','Pay-as-you-go',308.58,40,0.91),(45,'guy Application',64,'Database','Ball spring standard south. Board of source kitchen.\nJob much will town spend ability no. Prevent only yet land.\nClass natural outside three. From wear he.','Pay-as-you-go',325.36,91,0.96),(46,'risk Network',49,'Compute','Century work blood. Future onto chance rest receive down their. Attorney today some dark.\nPractice moment buy where event. Much stay do name work blue. Something prevent image prove long interest.','Pay-as-you-go',445.92,3,0.80),(47,'accept Database',72,'Application','Time white save specific use tonight during. Wide others through include or. Central around training too.\nPolitical bring necessary popular company most Democrat. Single in year.','One-time',174.64,59,0.87),(48,'until Database',30,'Compute','Mother stock into baby authority become. Respond bad car many.','Monthly',305.11,6,0.64),(49,'none Database',52,'Storage','Those author defense watch fear. Social bag together computer. Present several south also.\nAnd else car will support south music. Eight subject since my.','One-time',349.05,4,0.96),(50,'situation Compute',96,'Storage','Nor behavior result conference condition item. Tough around sea sound region majority service. Machine president or coach claim several.','Monthly',750.23,86,0.51),(51,'owner Storage',52,'Storage','Worry truth million research loss. Stay current decide try off front. Sport call service. Watch become meet you yet others.','One-time',515.90,77,0.53),(52,'everybody Application',49,'Storage','Responsibility others military instead study resource exactly technology. Result he claim main. Kind end chair race radio.\nDetermine wish although. Although response shake.','Pay-as-you-go',780.29,93,0.63),(53,'building Network',27,'Storage','Piece southern again. End animal reflect between beautiful. Property relationship to see north.\nLikely necessary wind very. Guy space happen left air throughout hand.','Pay-as-you-go',951.51,16,0.93),(54,'receive Compute',72,'Application','Address series anything also article past. Traditional power president evening technology. Inside better treatment remain growth growth. Both better staff Mr special town.','Monthly',480.94,45,0.70),(55,'source Application',91,'Compute','Wear card attack her dog. Within respond ask she case what. Indicate author run manager.\nAdd store someone. Least ground almost allow anyone art. Measure manage than share above worker factor.','Pay-as-you-go',561.64,91,0.99),(56,'out Storage',40,'Storage','Radio drive idea price lot exist talk. Various item major deal. Effect soldier teacher own middle heavy history.','Monthly',507.57,31,0.57),(57,'live Database',92,'Database','Guy course debate wife ready. Including suggest politics join tell change line far. During seek claim stay key.\nPlan everyone let provide. Truth late movie kitchen able team.','Monthly',381.05,91,0.60),(58,'option Network',12,'Network','Old various man four my administration event financial. Later strong process single participant. Industry we yeah seven blue involve.','Yearly',964.44,7,0.69),(59,'only Network',14,'Database','Add fast ever should oil mission. Wide I politics figure beautiful game. Help record more.\nAfter table enough score. Set court certain seek green according though stage.','One-time',54.76,71,0.77),(60,'body Application',76,'Application','Quality public ability kind bit blood chair.\nThrow end group leg these this economic game. Sign I southern physical deep clear. Deal month raise kind character role century.','Pay-as-you-go',186.82,39,0.81),(61,'run Application',75,'Compute','Three catch people management serious really. Finally sit far base material south happen image.','One-time',282.97,67,0.68),(62,'away Compute',56,'Storage','Carry he father most generation those trade. Eat also make improve oil front. Cover military west example card mouth far.','Yearly',76.67,56,0.87),(63,'all Compute',23,'Network','Suggest four area first. On into enter build.\nAccount job information later again staff cell. Stay guy out attack strong.','Yearly',595.82,80,0.73),(64,'example Storage',64,'Storage','Situation here sometimes. Point true tree address.','Pay-as-you-go',961.37,94,0.85),(65,'exist Compute',20,'Database','Along defense improve explain course. Quality item summer former his your official water.\nBehind order war. List level run. Most similar several off ahead.','Monthly',593.55,66,0.62),(66,'generation Compute',25,'Database','Beyond value receive example whether. Police second teach significant central sport. Window seem laugh majority bad hear.','Pay-as-you-go',577.38,7,0.94),(67,'quite Database',99,'Database','Oil probably thing tonight. Turn director expect four. Force accept skill girl doctor plant black.\nHalf early focus down. Wonder several wind community create agree successful.','Monthly',722.75,7,0.75),(68,'through Application',81,'Database','Responsibility glass whose success middle voice. Near race only wife kid hospital attention. Mean reduce book social prove.','Monthly',495.25,46,0.78),(69,'thus Network',63,'Database','Under dinner spring involve perhaps case sign. Instead citizen operation agent state management network. Want travel man song.\nInclude job such. Per according year. Answer office door.','Monthly',812.46,59,0.53),(70,'put Compute',97,'Application','Edge land structure sea anyone close hope. Different accept east important result everything democratic.\nSafe move finish. Ten stuff business office. First history understand view.','Pay-as-you-go',876.54,59,0.80),(71,'when Application',1,'Compute','Take play finally leave. Me deep player accept thus sea process.\nThird time fly special western color it.','Pay-as-you-go',999.35,33,0.73),(72,'leg Database',78,'Storage','Let standard beat reality that vote. Fear task real entire each fight.\nCreate box determine open shake remain describe forget. Article history family friend notice. Body light offer evidence.','Monthly',412.43,94,0.95),(73,'gas Network',79,'Storage','Only line guess left. Society investment various speak grow draw.\nHappen focus above station college cup. Lot where where professor thought.','Monthly',592.12,28,0.83),(74,'Mrs Compute',22,'Network','Claim us consider hold commercial build. Fly day bring late beat talk Republican.','One-time',117.81,45,0.53),(75,'let Compute',40,'Storage','Trouble school citizen today act. Significant common region attorney. Between you information understand outside parent glass.','Pay-as-you-go',982.14,75,0.53),(76,'back Storage',33,'Compute','Interest order PM man manager available college plan. Unit by site physical land live approach mouth.','One-time',724.74,80,0.61),(77,'recent Application',36,'Storage','Enjoy science kid. Animal crime skin this trial couple. Unit boy trouble. Deal eat kid so catch capital.\nStay air face reveal teacher. To it like indicate investment.','Pay-as-you-go',408.61,89,0.62),(78,'rise Storage',82,'Network','Development adult pull. Office newspaper five white room move.\nTown beautiful pass image upon evening Republican summer. Society can Mrs.\nKnow college oil down.','Pay-as-you-go',221.34,23,0.87),(79,'look Compute',36,'Network','Draw key attention shoulder. Defense question artist happen.\nMovement show can recent laugh. Artist loss them. Popular shoulder quickly first.','Monthly',300.80,79,0.90),(80,'father Network',36,'Application','Summer page bring sit peace. Drop might our service one.\nCommon he trip. Minute threat resource start.','Yearly',133.83,79,0.68),(81,'fight Network',33,'Network','Financial both door plan. Both couple man fact paper must. Throughout president than require suggest quite box.\nSuch light would carry try treatment. Lot gas rich.','Pay-as-you-go',332.35,30,0.77),(82,'yet Database',31,'Database','A church late human particular over green. Bad list identify just.\nThose couple mother rise.\nBeat maybe dream quality drop run. Ahead son role firm reduce sometimes third. One real site ever.','Yearly',700.93,67,0.68),(83,'would Network',20,'Application','Top fear whole camera speak organization.\nBlack night industry throughout any money. Theory bit long what piece.\nSize many lose their dream power report skin. Suffer become wide much main.','Monthly',515.18,3,0.63),(84,'control Network',21,'Network','White everything data player light happy animal. Than friend gas us something understand. Situation from strong most month.\nGive buy organization indeed pretty PM. Out note opportunity.','One-time',597.69,99,0.80),(85,'resource Application',97,'Application','Option stop store natural. A good war improve indicate we. Machine yard nation arrive.\nProduct mind cup show.\nSure who including cost. Daughter thing create keep chance reason.','One-time',487.69,37,0.79),(86,'so Network',19,'Compute','Weight fast car sure finish meet later house. Out door east always represent summer treatment. Democrat own current including city.','One-time',291.91,2,0.55),(87,'box Database',97,'Database','Huge drug second. Where long with national son opportunity.\nMake bed conference community.','Monthly',501.71,100,0.62),(88,'say Network',11,'Database','Back open sit good television. Keep side site point wrong eat population least. Together pass opportunity lead.','One-time',49.62,85,0.79),(89,'yes Network',67,'Network','Benefit commercial may board decision. Responsibility easy Congress president drug. List lead laugh research size.','One-time',894.37,93,1.00),(90,'economy Storage',78,'Network','The responsibility admit late window. Center subject Republican up. Able anyone old rise there later report.','Pay-as-you-go',213.81,53,0.78),(91,'similar Application',54,'Compute','Be add bad reach place join television. As public story outside get. Response remember half that.','Pay-as-you-go',733.97,61,0.59),(92,'meet Network',3,'Storage','Listen person bit between visit social. Miss hundred son player help social law. Pressure training baby war. Window about start pattern only for movement.\nSport hotel reflect art so.','One-time',352.96,64,0.52),(93,'improve Compute',20,'Database','Yes leader upon around apply design. Street herself hundred page prevent middle scientist send.','Yearly',409.22,4,0.82),(94,'place Compute',83,'Application','Others perform close them the.\nFoot mind recently forward know put. People film somebody sort nothing.\nSo former worry detail firm model. One star miss red professional. Design whether by friend.','Monthly',904.69,83,0.70),(95,'fear Compute',8,'Network','Wish part situation each fire physical. Exist image agent feeling site respond couple party. Course us radio both full green simply rather.\nSource kid piece product. Country person author girl young.','One-time',696.63,96,0.66),(96,'professional Storage',89,'Compute','Do wonder important site why guess.\nRole baby ask for popular nation without. Institution process report consider recognize magazine. Design use only east.\nAbout degree face support.','One-time',484.91,8,0.94),(97,'better Compute',72,'Compute','Military much out house. Manage former pretty available. Site agree range back arrive.','Pay-as-you-go',938.67,17,0.76),(98,'both Compute',6,'Storage','Dog billion hold task difficult. Theory billion either. Girl party actually yard.\nLetter cost field out call.\nBeyond treatment moment nice talk.','Pay-as-you-go',851.20,100,0.63),(99,'whether Storage',98,'Database','Control daughter cost need worker yes dog. Fish fill get teach. Win doctor product job.','Pay-as-you-go',373.24,96,0.51),(100,'from Application',84,'Storage','Pick many south deal rest everybody. Southern positive answer. Rest development fall out soon sort.\nWhite option best road set table provide. That resource never. Deep able without cold skill.','Yearly',53.08,53,0.64);
/*!40000 ALTER TABLE `tbl_resources` ENABLE KEYS */;
UNLOCK TABLES;

--
-- Table structure for table `tbl_user_project_access`
--

DROP TABLE IF EXISTS `tbl_user_project_access`;
/*!40101 SET @saved_cs_client     = @@character_set_client */;
/*!50503 SET character_set_client = utf8mb4 */;
CREATE TABLE `tbl_user_project_access` (
  `access_id` int NOT NULL AUTO_INCREMENT,
  `fk_user_id` int NOT NULL,
  `fk_project_id` int NOT NULL,
  `access_level` enum('Read','Write','Admin') DEFAULT 'Read',
  PRIMARY KEY (`access_id`),
  UNIQUE KEY `fk_user_id` (`fk_user_id`,`fk_project_id`),
  KEY `idx_user_access_project` (`fk_project_id`),
  KEY `idx_user_access_user` (`fk_user_id`),
  CONSTRAINT `tbl_user_project_access_ibfk_1` FOREIGN KEY (`fk_user_id`) REFERENCES `tbl_users` (`user_id`) ON DELETE CASCADE,
  CONSTRAINT `tbl_user_project_access_ibfk_2` FOREIGN KEY (`fk_project_id`) REFERENCES `tbl_projects` (`project_id`) ON DELETE CASCADE
) ENGINE=InnoDB AUTO_INCREMENT=201 DEFAULT CHARSET=utf8mb4 COLLATE=utf8mb4_0900_ai_ci;
/*!40101 SET character_set_client = @saved_cs_client */;

--
-- Dumping data for table `tbl_user_project_access`
--

LOCK TABLES `tbl_user_project_access` WRITE;
/*!40000 ALTER TABLE `tbl_user_project_access` DISABLE KEYS */;
INSERT INTO `tbl_user_project_access` VALUES (1,12,84,'Admin'),(2,7,41,'Admin'),(3,44,19,'Admin'),(4,50,48,'Write'),(5,25,47,'Read'),(6,18,79,'Admin'),(7,11,96,'Admin'),(8,6,57,'Admin'),(9,2,23,'Read'),(10,24,100,'Read'),(11,5,66,'Read'),(12,44,14,'Admin'),(13,3,17,'Admin'),(14,49,44,'Write'),(15,49,7,'Read'),(16,36,31,'Read'),(17,49,47,'Write'),(18,35,98,'Admin'),(19,8,99,'Admin'),(20,26,9,'Write'),(21,25,91,'Admin'),(22,31,70,'Admin'),(23,40,15,'Write'),(24,41,89,'Read'),(25,38,44,'Write'),(26,46,70,'Write'),(27,24,26,'Write'),(28,33,30,'Admin'),(29,8,54,'Write'),(30,20,58,'Write'),(31,22,76,'Read'),(32,23,47,'Read'),(33,21,96,'Write'),(34,32,98,'Admin'),(35,43,21,'Read'),(36,35,38,'Write'),(37,18,18,'Write'),(38,31,57,'Write'),(39,38,29,'Admin'),(40,17,11,'Admin'),(41,13,99,'Write'),(42,41,76,'Write'),(43,22,75,'Read'),(44,43,23,'Write'),(45,35,55,'Write'),(46,38,26,'Read'),(47,26,45,'Write'),(48,29,75,'Read'),(49,24,80,'Admin'),(50,14,29,'Write'),(51,50,59,'Write'),(52,27,94,'Admin'),(53,31,33,'Read'),(54,48,13,'Admin'),(55,48,86,'Write'),(56,19,39,'Read'),(57,7,24,'Write'),(58,44,4,'Read'),(59,26,55,'Write'),(60,17,69,'Read'),(61,17,20,'Admin'),(62,3,37,'Admin'),(63,37,95,'Read'),(64,9,75,'Admin'),(65,39,1,'Write'),(66,26,52,'Read'),(67,7,37,'Admin'),(68,2,5,'Admin'),(69,1,42,'Write'),(70,48,71,'Read'),(71,25,48,'Read'),(72,28,48,'Read'),(73,11,6,'Write'),(74,20,4,'Admin'),(75,26,53,'Write'),(76,36,19,'Read'),(77,25,55,'Write'),(78,49,15,'Admin'),(79,1,16,'Admin'),(80,37,45,'Write'),(81,15,76,'Read'),(82,35,18,'Admin'),(83,41,49,'Read'),(84,22,86,'Write'),(85,40,98,'Read'),(86,20,96,'Read'),(87,2,44,'Write'),(88,5,56,'Write'),(89,43,79,'Write'),(90,14,32,'Read'),(91,46,47,'Write'),(92,11,55,'Write'),(93,42,12,'Admin'),(94,21,74,'Read'),(95,50,61,'Write'),(96,43,50,'Admin'),(97,40,30,'Write'),(98,21,81,'Read'),(99,44,38,'Read'),(100,20,83,'Admin'),(101,24,1,'Write'),(102,13,52,'Read'),(103,16,96,'Read'),(104,8,58,'Admin'),(105,17,73,'Read'),(106,24,18,'Admin'),(107,40,46,'Read'),(108,23,50,'Write'),(109,38,14,'Admin'),(110,16,61,'Read'),(111,23,77,'Admin'),(112,19,16,'Write'),(113,44,62,'Read'),(114,12,12,'Admin'),(115,36,6,'Admin'),(116,44,98,'Write'),(117,32,56,'Admin'),(118,47,30,'Read'),(119,7,2,'Read'),(120,16,70,'Write'),(121,7,48,'Admin'),(122,6,62,'Write'),(123,23,9,'Write'),(124,10,39,'Admin'),(125,11,30,'Admin'),(126,27,46,'Read'),(127,10,47,'Read'),(128,16,47,'Read'),(129,19,45,'Write'),(130,42,86,'Admin'),(131,31,5,'Read'),(132,43,33,'Admin'),(133,5,78,'Write'),(134,27,36,'Read'),(135,47,60,'Write'),(136,39,17,'Admin'),(137,32,67,'Write'),(138,24,52,'Write'),(139,18,52,'Read'),(140,9,98,'Read'),(141,3,54,'Read'),(142,35,64,'Admin'),(143,46,23,'Read'),(144,33,64,'Write'),(145,43,27,'Write'),(146,17,30,'Write'),(147,23,53,'Admin'),(148,40,54,'Admin'),(149,48,56,'Admin'),(150,24,45,'Write'),(151,16,4,'Admin'),(152,13,12,'Read'),(153,23,57,'Write'),(154,43,74,'Write'),(155,8,46,'Read'),(156,36,46,'Write'),(157,30,88,'Read'),(158,20,31,'Read'),(159,29,4,'Read'),(160,5,49,'Admin'),(161,24,84,'Admin'),(162,46,80,'Write'),(163,48,20,'Admin'),(164,10,95,'Admin'),(165,6,97,'Write'),(166,43,95,'Write'),(167,43,88,'Write'),(168,15,100,'Admin'),(169,13,46,'Admin'),(170,18,88,'Write'),(171,36,23,'Write'),(172,16,32,'Admin'),(173,5,12,'Admin'),(174,40,9,'Admin'),(175,27,90,'Read'),(176,50,46,'Write'),(177,21,82,'Read'),(178,32,72,'Read'),(179,18,5,'Write'),(180,19,38,'Write'),(181,7,72,'Write'),(182,25,16,'Read'),(183,18,97,'Admin'),(184,15,1,'Read'),(185,49,13,'Admin'),(186,19,98,'Admin'),(187,2,15,'Admin'),(188,41,56,'Write'),(189,48,49,'Admin'),(190,14,44,'Write'),(191,31,71,'Write'),(192,28,46,'Admin'),(193,9,24,'Write'),(194,13,85,'Admin'),(195,32,53,'Read'),(196,5,37,'Admin'),(197,31,21,'Write'),(198,38,34,'Admin'),(199,2,78,'Write'),(200,33,16,'Read');
/*!40000 ALTER TABLE `tbl_user_project_access` ENABLE KEYS */;
UNLOCK TABLES;

--
-- Table structure for table `tbl_users`
--

DROP TABLE IF EXISTS `tbl_users`;
/*!40101 SET @saved_cs_client     = @@character_set_client */;
/*!50503 SET character_set_client = utf8mb4 */;
CREATE TABLE `tbl_users` (
  `user_id` int NOT NULL AUTO_INCREMENT,
  `username` varchar(50) NOT NULL,
  `email` varchar(100) NOT NULL,
  `password_hash` varchar(255) NOT NULL,
  `first_name` varchar(50) NOT NULL,
  `last_name` varchar(50) NOT NULL,
  `role` enum('Admin','Manager','Viewer','Read-Only') DEFAULT 'Viewer',
  `last_login` datetime DEFAULT NULL,
  `is_active` tinyint(1) DEFAULT '1',
  PRIMARY KEY (`user_id`),
  UNIQUE KEY `username` (`username`),
  UNIQUE KEY `email` (`email`),
  KEY `idx_user_email` (`email`),
  KEY `idx_user_role` (`role`),
  CONSTRAINT `chk_users_email_format` CHECK (regexp_like(`email`,_utf8mb4'^[A-Za-z0-9._%+-]+@[A-Za-z0-9.-]+\\.[A-Z|a-z]{2,}$'))
) ENGINE=InnoDB AUTO_INCREMENT=51 DEFAULT CHARSET=utf8mb4 COLLATE=utf8mb4_0900_ai_ci;
/*!40101 SET character_set_client = @saved_cs_client */;

--
-- Dumping data for table `tbl_users`
--

LOCK TABLES `tbl_users` WRITE;
/*!40000 ALTER TABLE `tbl_users` DISABLE KEYS */;
INSERT INTO `tbl_users` VALUES (1,'william.martin74','william.martin74@yahoo.com','ad59555d38beb4c4ea0da9851b587a0e6f379373b522ce61998d583947ddf8bb','William','Martin','Manager','2024-09-26 04:37:08',1),(2,'jennifer.rodriguez63','jennifer.rodriguez63@hotmail.com','a8aa70d19d1cab534239bff88b3cc443e6493974391681c930529711bc8f15fa','Jennifer','Rodriguez','Manager','2024-06-11 18:57:55',0),(3,'alvin.cameron49','alvin.cameron49@yahoo.com','ec39c5a8ec6b4959205c181ffe66aa90df326fb962af6697495920e62b4eb3bb','Alvin','Cameron','Read-Only','2024-08-19 10:00:47',1),(4,'michaela.delgado51','michaela.delgado51@yahoo.com','95541b6d06a0e694142013c31fe714e6b495bb3714817229b4bea8cabb70880a','Michaela','Delgado','Manager','2024-08-01 08:08:24',0),(5,'chelsey.freeman91','chelsey.freeman91@hotmail.com','6a5cdb4c28c6a659ecd35cc818f2504821fbbbfb60fda6de48584a2b0317e896','Chelsey','Freeman','Read-Only','2024-06-24 07:54:48',1),(6,'lisa.cooke63','lisa.cooke63@hotmail.com','bcaa617569adebfb6774e073ce7a8a12cdbfe43b27a9f18211ffff281eae2858','Lisa','Cooke','Manager','2024-03-23 10:51:58',1),(7,'nicholas.thompson75','nicholas.thompson75@yahoo.com','c66474209254aec97ce683eb081c239ace338b320d36e71a23c0b0cd39c232ca','Nicholas','Thompson','Admin','2024-11-27 06:07:53',0),(8,'amanda.hamilton96','amanda.hamilton96@hotmail.com','c40fcf2e1eca438159444a4cbc1f67dfca053f511ccb81ddf2cfed9ece85639d','Amanda','Hamilton','Viewer','2024-11-16 22:47:04',0),(9,'tiffany.turner77','tiffany.turner77@gmail.com','4873dab833579807b8e4ca91880a6e83526f510f4a8ad14aff6d4080766e79f4','Tiffany','Turner','Manager','2024-11-10 08:04:14',0),(10,'melissa.bautista48','melissa.bautista48@hotmail.com','3503fca37a938a33b12c2b7620d4b6d38552488f58e6bd64ec59d765cbdbdf64','Melissa','Bautista','Read-Only','2024-12-07 05:46:16',1),(11,'john.elliott31','john.elliott31@gmail.com','df18e053498c168a9e478c3911a2953936adaff7f13970e29a42724e55f396c8','John','Elliott','Viewer','2024-07-17 09:03:04',0),(12,'timothy.cruz52','timothy.cruz52@hotmail.com','19b3dde9d5eaba0f810e5ebc9a7f49b7e6b291006b42a9468abb3460b00074d4','Timothy','Cruz','Viewer','2024-01-13 14:50:13',1),(13,'michael.hernandez24','michael.hernandez24@gmail.com','6c375360ec67234c05775ca75c17b87fd178019680c57894ba02cf6c075d20af','Michael','Hernandez','Admin','2024-07-29 23:56:05',1),(14,'yolanda.sawyer18','yolanda.sawyer18@gmail.com','f6a1260d8e11a61a70a94fc04fd5595642555255b9652189c2187b09965d415d','Yolanda','Sawyer','Read-Only','2024-03-05 07:45:10',0),(15,'joshua.cruz85','joshua.cruz85@gmail.com','435adaa4c244c47d96ab8aa0c3c53b322128bb6e141dd424df00b7db624d7995','Joshua','Cruz','Admin','2024-02-15 15:09:47',1),(16,'whitney.young28','whitney.young28@yahoo.com','4506842e997fab23836393de6703353e4e5d6c26b6089f0f8e81074d5b96dcfd','Whitney','Young','Viewer','2024-11-19 12:23:15',0),(17,'matthew.hardy10','matthew.hardy10@yahoo.com','fb80e4313552eb58d49b9c02c4a3ff801751fb13be1593d481886cbd5e885fc2','Matthew','Hardy','Admin','2024-04-06 17:04:06',1),(18,'jacqueline.keller50','jacqueline.keller50@hotmail.com','b8486fdb1b48cbb751165b3999d4bf3214c4a4fc39a4d853e1ddc450e07c7326','Jacqueline','Keller','Manager','2024-10-30 00:19:45',1),(19,'lynn.rodriguez64','lynn.rodriguez64@yahoo.com','2bf7b1a5a7f9672fed20540ce0cb02e4a60b589cda6bad2418aafc091a0410db','Lynn','Rodriguez','Viewer','2024-06-09 20:56:35',1),(20,'douglas.mullins19','douglas.mullins19@hotmail.com','817b9b6341b81048289190d71662940459ec0244f3e8f425f28e51ff463347f5','Douglas','Mullins','Admin','2024-02-03 06:40:31',1),(21,'alexandra.barnett50','alexandra.barnett50@hotmail.com','5470af22ded9a554255326fee32b54a2d78074b994781c80e0feca6cae8f24f4','Alexandra','Barnett','Manager','2024-05-23 23:00:06',1),(22,'micheal.church75','micheal.church75@hotmail.com','e57eec3c48e425d3d4574b4e99d866c34e746c878acb21fb845c73dc398604f5','Micheal','Church','Viewer','2024-09-29 20:14:34',1),(23,'lori.bullock38','lori.bullock38@gmail.com','d1ae44a3e8fd3573fa393098901ce69757e2cdfea0cead997abeb0a9a628f9dd','Lori','Bullock','Viewer','2024-02-22 12:02:55',1),(24,'linda.fuller84','linda.fuller84@gmail.com','d89a8961b49df5273d928677b003baa6335e4ab03bc66cd8b4a20b0e4a94eaae','Linda','Fuller','Admin','2024-04-13 21:43:43',0),(25,'gregory.richardson72','gregory.richardson72@hotmail.com','546713976ed568bc0b70aa5443f9ac7251957945673dcc0323e7d81f97668bf3','Gregory','Richardson','Manager','2024-01-18 04:44:52',1),(26,'patricia.proctor67','patricia.proctor67@hotmail.com','0768e46be3ac5b0c1b2de82941cfbb20622b0daacadca76f65532d6dc79e9137','Patricia','Proctor','Read-Only','2024-12-11 10:56:35',0),(27,'lisa.cruz35','lisa.cruz35@gmail.com','549f241a817a3d46542cd5d5108953976d3619d93bdd1be751fb418c8821c929','Lisa','Cruz','Viewer','2024-09-09 11:00:17',1),(28,'sarah.harrington88','sarah.harrington88@hotmail.com','bff609763d5fe7f99ace2452c0e5b07e34c1ccea0b410752fee1e9ae93ee81c5','Sarah','Harrington','Read-Only','2024-09-23 01:34:26',1),(29,'jacob.bennett39','jacob.bennett39@yahoo.com','2425780fdc71fd354a60b9fe91db16c860ad2b50d6b67b0022beaca5f3aad295','Jacob','Bennett','Admin','2024-05-04 14:45:30',0),(30,'ronald.russell38','ronald.russell38@yahoo.com','49fa0e93e650024876f8f06abefd37a7ae81dffe432323a43214b8719c39b59c','Ronald','Russell','Admin','2024-02-04 12:46:26',0),(31,'stephen.marks38','stephen.marks38@yahoo.com','29364a0aa6827338e7ae89db32b378144e3ab6e28a5c10827a5104c3d4dce971','Stephen','Marks','Admin','2024-11-26 09:02:25',1),(32,'kathryn.jones90','kathryn.jones90@yahoo.com','55997d525a289447551ec92573ad3eb1a009458ea048b97951b94b396655554a','Kathryn','Jones','Admin','2024-02-01 10:50:53',1),(33,'derrick.phillips37','derrick.phillips37@hotmail.com','807b942af188e2b13339fee997b045b6f99b5d184761ca8cf6e74a9d7c8ec45f','Derrick','Phillips','Manager','2024-03-17 00:29:05',1),(34,'mark.wolf88','mark.wolf88@hotmail.com','91c3b58a1b3d6734301bdeb91e6fa989452de706597c0e74b4c1a33bea9201f5','Mark','Wolf','Manager','2024-02-06 00:53:04',1),(35,'mary.jennings93','mary.jennings93@hotmail.com','9f4e4dc04b9cae674bfa3b64f3f7c5c05f4983f216e1933a5d7762697243e840','Mary','Jennings','Admin','2024-02-03 09:11:23',1),(36,'kimberly.williams23','kimberly.williams23@gmail.com','f1bf449b65414ba496472d8bfb85809fcf316e584cde14c3a0f7b7a842babf2b','Kimberly','Williams','Read-Only','2024-01-27 23:57:19',1),(37,'jeffrey.schroeder22','jeffrey.schroeder22@yahoo.com','0934e0f5285b90dc74eb0a222d57d889a021cf318a11cc60b20bb052600e7696','Jeffrey','Schroeder','Admin','2024-03-25 15:21:44',1),(38,'benjamin.duffy22','benjamin.duffy22@yahoo.com','c0f24e28aa4c300b289f93a0e78bb889fb908969a1f61d0e639440b22d1bed41','Benjamin','Duffy','Viewer','2024-11-05 07:25:38',1),(39,'candice.hernandez77','candice.hernandez77@gmail.com','c144a214dbcef68073ac7844768d0f5b1d9efc1957c9896cde7c32c4fb226efe','Candice','Hernandez','Viewer','2024-12-17 19:41:58',0),(40,'alexis.butler20','alexis.butler20@yahoo.com','1c141d5b96b5c2892be1ad196bf35c07edb2a94e498e231a09c027620ec70985','Alexis','Butler','Manager','2024-02-17 20:02:55',0),(41,'margaret.maddox98','margaret.maddox98@gmail.com','391b57174c9e1d94e7d79aaae2cf77423f56ca8dbb7584d85da92bf2f423ad21','Margaret','Maddox','Read-Only','2024-07-31 02:40:57',1),(42,'keith.moore52','keith.moore52@yahoo.com','89d255da49194fe074e63e7f8a2315a02a1e5e5c7664a1ee6e8bf8a4e991cbb2','Keith','Moore','Viewer','2024-07-27 07:24:07',0),(43,'carlos.wilcox88','carlos.wilcox88@gmail.com','59acce7964e5e368e28fcdb9d3a17ec43bce69e9b1d30fd4b139e4f0f0c1804d','Carlos','Wilcox','Manager','2024-03-03 10:09:39',0),(44,'andrew.fischer50','andrew.fischer50@gmail.com','0a7b36df9f9078030c5950c9477148823c3ce3dcaf66d16dde2394380da41d88','Andrew','Fischer','Manager','2024-01-03 16:45:52',0),(45,'latoya.jones90','latoya.jones90@gmail.com','36022440f3e965f12d45086575efe5109f183670036b23bed28cf8e1173af9a9','Latoya','Jones','Viewer','2024-02-01 10:27:15',0),(46,'lisa.romero65','lisa.romero65@yahoo.com','4fef585ee1a1b956220551de2a3d8e55dbf57eb96995923fb4fb4675b1bd94dd','Lisa','Romero','Manager','2024-12-03 11:39:59',1),(47,'donald.chang48','donald.chang48@yahoo.com','78f76c0bec77d3cf493e90f846118a599ab4d99354b78db9bcce143edfe01d5a','Donald','Chang','Read-Only','2024-04-10 03:59:20',0),(48,'kenneth.mason16','kenneth.mason16@gmail.com','b5e9ef01f371c034eccf34b9904749f250621f5aec30aa6d01ea89e0b235e14f','Kenneth','Mason','Viewer','2024-09-13 18:19:27',1),(49,'daniel.scott94','daniel.scott94@gmail.com','0cbed39fb22f0345309e09b6957588d8421a773c4ff0af96a2341b66e6ea4133','Daniel','Scott','Read-Only','2024-05-11 07:12:17',0),(50,'michele.lucas15','michele.lucas15@yahoo.com','cbaa9854ff1af62e36a82eab8943256ee2a1c2a2f299c3bdb358b9121bcae5cf','Michele','Lucas','Admin','2024-06-27 12:25:55',0);
/*!40000 ALTER TABLE `tbl_users` ENABLE KEYS */;
UNLOCK TABLES;
/*!40103 SET TIME_ZONE=@OLD_TIME_ZONE */;

/*!40101 SET SQL_MODE=@OLD_SQL_MODE */;
/*!40014 SET FOREIGN_KEY_CHECKS=@OLD_FOREIGN_KEY_CHECKS */;
/*!40014 SET UNIQUE_CHECKS=@OLD_UNIQUE_CHECKS */;
/*!40101 SET CHARACTER_SET_CLIENT=@OLD_CHARACTER_SET_CLIENT */;
/*!40101 SET CHARACTER_SET_RESULTS=@OLD_CHARACTER_SET_RESULTS */;
/*!40101 SET COLLATION_CONNECTION=@OLD_COLLATION_CONNECTION */;
/*!40111 SET SQL_NOTES=@OLD_SQL_NOTES */;

-- Dump completed on 2024-12-27 12:39:41
